Date;mean;TempMean;TempMin;TempMax;WindSpeed;WindSpeedMaxS;Precip;Time;Posan;Instant;JourSemaine;SoleilLeve
15/12/2010 00:00;;38.5;34.0;41.0;8.0;15.9;0.0;24914;348;48;5;0
15/12/2010 00:30;;38.5;34.0;41.0;8.0;15.9;0.0;24915;348;1;5;0
15/12/2010 01:00;;38.5;34.0;41.0;8.0;15.9;0.0;24916;348;2;5;0
15/12/2010 01:30;;38.5;34.0;41.0;8.0;15.9;0.0;24917;348;3;5;0
15/12/2010 02:00;;38.5;34.0;41.0;8.0;15.9;0.0;24918;348;4;5;0
15/12/2010 02:30;;38.5;34.0;41.0;8.0;15.9;0.0;24919;348;5;5;0
15/12/2010 03:00;;38.5;34.0;41.0;8.0;15.9;0.0;24920;348;6;5;0
15/12/2010 03:30;;38.5;34.0;41.0;8.0;15.9;0.0;24921;348;7;5;0
15/12/2010 04:00;;38.5;34.0;41.0;8.0;15.9;0.0;24922;348;8;5;0
15/12/2010 04:30;;38.5;34.0;41.0;8.0;15.9;0.0;24923;348;9;5;0
15/12/2010 05:00;;38.5;34.0;41.0;8.0;15.9;0.0;24924;348;10;5;0
15/12/2010 05:30;;38.5;34.0;41.0;8.0;15.9;0.0;24925;348;11;5;0
15/12/2010 06:00;;38.5;34.0;41.0;8.0;15.9;0.0;24926;348;12;5;0
15/12/2010 06:30;;38.5;34.0;41.0;8.0;15.9;0.0;24927;348;13;5;0
15/12/2010 07:00;;38.5;34.0;41.0;8.0;15.9;0.0;24928;348;14;5;0
15/12/2010 07:30;;38.5;34.0;41.0;8.0;15.9;0.0;24929;348;15;5;0
15/12/2010 08:00;;38.5;34.0;41.0;8.0;15.9;0.0;24930;348;16;5;0
15/12/2010 08:30;;38.5;34.0;41.0;8.0;15.9;0.0;24931;348;17;5;1
15/12/2010 09:00;;38.5;34.0;41.0;8.0;15.9;0.0;24932;348;18;5;1
15/12/2010 09:30;;38.5;34.0;41.0;8.0;15.9;0.0;24933;348;19;5;1
15/12/2010 10:00;;38.5;34.0;41.0;8.0;15.9;0.0;24934;348;20;5;1
15/12/2010 10:30;;38.5;34.0;41.0;8.0;15.9;0.0;24935;348;21;5;1
15/12/2010 11:00;;38.5;34.0;41.0;8.0;15.9;0.0;24936;348;22;5;1
15/12/2010 11:30;;38.5;34.0;41.0;8.0;15.9;0.0;24937;348;23;5;1
15/12/2010 12:00;;38.5;34.0;41.0;8.0;15.9;0.0;24938;348;24;5;1
15/12/2010 12:30;;38.5;34.0;41.0;8.0;15.9;0.0;24939;348;25;5;1
15/12/2010 13:00;;38.5;34.0;41.0;8.0;15.9;0.0;24940;348;26;5;1
15/12/2010 13:30;;38.5;34.0;41.0;8.0;15.9;0.0;24941;348;27;5;1
15/12/2010 14:00;;38.5;34.0;41.0;8.0;15.9;0.0;24942;348;28;5;1
15/12/2010 14:30;;38.5;34.0;41.0;8.0;15.9;0.0;24943;348;29;5;1
15/12/2010 15:00;;38.5;34.0;41.0;8.0;15.9;0.0;24944;348;30;5;1
15/12/2010 15:30;;38.5;34.0;41.0;8.0;15.9;0.0;24945;348;31;5;1
15/12/2010 16:00;;38.5;34.0;41.0;8.0;15.9;0.0;24946;348;32;5;1
15/12/2010 16:30;;38.5;34.0;41.0;8.0;15.9;0.0;24947;348;33;5;0
15/12/2010 17:00;;38.5;34.0;41.0;8.0;15.9;0.0;24948;348;34;5;0
15/12/2010 17:30;;38.5;34.0;41.0;8.0;15.9;0.0;24949;348;35;5;0
15/12/2010 18:00;;38.5;34.0;41.0;8.0;15.9;0.0;24950;348;36;5;0
15/12/2010 18:30;;38.5;34.0;41.0;8.0;15.9;0.0;24951;348;37;5;0
15/12/2010 19:00;;38.5;34.0;41.0;8.0;15.9;0.0;24952;348;38;5;0
15/12/2010 19:30;;38.5;34.0;41.0;8.0;15.9;0.0;24953;348;39;5;0
15/12/2010 20:00;;38.5;34.0;41.0;8.0;15.9;0.0;24954;348;40;5;0
15/12/2010 20:30;;38.5;34.0;41.0;8.0;15.9;0.0;24955;348;41;5;0
15/12/2010 21:00;;38.5;34.0;41.0;8.0;15.9;0.0;24956;348;42;5;0
15/12/2010 21:30;;38.5;34.0;41.0;8.0;15.9;0.0;24957;348;43;5;0
15/12/2010 22:00;;38.5;34.0;41.0;8.0;15.9;0.0;24958;348;44;5;0
15/12/2010 22:30;;38.5;34.0;41.0;8.0;15.9;0.0;24959;348;45;5;0
15/12/2010 23:00;;38.5;34.0;41.0;8.0;15.9;0.0;24960;348;46;5;0
15/12/2010 23:30;;38.5;34.0;41.0;8.0;15.9;0.0;24961;348;47;5;0
16/12/2010 00:00;;37.9;28.4;45.1;16.1;25.3;0.08;24962;349;48;6;0
16/12/2010 00:30;;37.9;28.4;45.1;16.1;25.3;0.08;24963;349;1;6;0
16/12/2010 01:00;;37.9;28.4;45.1;16.1;25.3;0.08;24964;349;2;6;0
16/12/2010 01:30;;37.9;28.4;45.1;16.1;25.3;0.08;24965;349;3;6;0
16/12/2010 02:00;;37.9;28.4;45.1;16.1;25.3;0.08;24966;349;4;6;0
16/12/2010 02:30;;37.9;28.4;45.1;16.1;25.3;0.08;24967;349;5;6;0
16/12/2010 03:00;;37.9;28.4;45.1;16.1;25.3;0.08;24968;349;6;6;0
16/12/2010 03:30;;37.9;28.4;45.1;16.1;25.3;0.08;24969;349;7;6;0
16/12/2010 04:00;;37.9;28.4;45.1;16.1;25.3;0.08;24970;349;8;6;0
16/12/2010 04:30;;37.9;28.4;45.1;16.1;25.3;0.08;24971;349;9;6;0
16/12/2010 05:00;;37.9;28.4;45.1;16.1;25.3;0.08;24972;349;10;6;0
16/12/2010 05:30;;37.9;28.4;45.1;16.1;25.3;0.08;24973;349;11;6;0
16/12/2010 06:00;;37.9;28.4;45.1;16.1;25.3;0.08;24974;349;12;6;0
16/12/2010 06:30;;37.9;28.4;45.1;16.1;25.3;0.08;24975;349;13;6;0
16/12/2010 07:00;;37.9;28.4;45.1;16.1;25.3;0.08;24976;349;14;6;0
16/12/2010 07:30;;37.9;28.4;45.1;16.1;25.3;0.08;24977;349;15;6;0
16/12/2010 08:00;;37.9;28.4;45.1;16.1;25.3;0.08;24978;349;16;6;0
16/12/2010 08:30;;37.9;28.4;45.1;16.1;25.3;0.08;24979;349;17;6;1
16/12/2010 09:00;;37.9;28.4;45.1;16.1;25.3;0.08;24980;349;18;6;1
16/12/2010 09:30;;37.9;28.4;45.1;16.1;25.3;0.08;24981;349;19;6;1
16/12/2010 10:00;;37.9;28.4;45.1;16.1;25.3;0.08;24982;349;20;6;1
16/12/2010 10:30;;37.9;28.4;45.1;16.1;25.3;0.08;24983;349;21;6;1
16/12/2010 11:00;;37.9;28.4;45.1;16.1;25.3;0.08;24984;349;22;6;1
16/12/2010 11:30;;37.9;28.4;45.1;16.1;25.3;0.08;24985;349;23;6;1
16/12/2010 12:00;;37.9;28.4;45.1;16.1;25.3;0.08;24986;349;24;6;1
16/12/2010 12:30;;37.9;28.4;45.1;16.1;25.3;0.08;24987;349;25;6;1
16/12/2010 13:00;;37.9;28.4;45.1;16.1;25.3;0.08;24988;349;26;6;1
16/12/2010 13:30;;37.9;28.4;45.1;16.1;25.3;0.08;24989;349;27;6;1
16/12/2010 14:00;;37.9;28.4;45.1;16.1;25.3;0.08;24990;349;28;6;1
16/12/2010 14:30;;37.9;28.4;45.1;16.1;25.3;0.08;24991;349;29;6;1
16/12/2010 15:00;;37.9;28.4;45.1;16.1;25.3;0.08;24992;349;30;6;1
16/12/2010 15:30;;37.9;28.4;45.1;16.1;25.3;0.08;24993;349;31;6;1
16/12/2010 16:00;;37.9;28.4;45.1;16.1;25.3;0.08;24994;349;32;6;1
16/12/2010 16:30;;37.9;28.4;45.1;16.1;25.3;0.08;24995;349;33;6;0
16/12/2010 17:00;;37.9;28.4;45.1;16.1;25.3;0.08;24996;349;34;6;0
16/12/2010 17:30;;37.9;28.4;45.1;16.1;25.3;0.08;24997;349;35;6;0
16/12/2010 18:00;;37.9;28.4;45.1;16.1;25.3;0.08;24998;349;36;6;0
16/12/2010 18:30;;37.9;28.4;45.1;16.1;25.3;0.08;24999;349;37;6;0
16/12/2010 19:00;;37.9;28.4;45.1;16.1;25.3;0.08;25000;349;38;6;0
16/12/2010 19:30;;37.9;28.4;45.1;16.1;25.3;0.08;25001;349;39;6;0
16/12/2010 20:00;;37.9;28.4;45.1;16.1;25.3;0.08;25002;349;40;6;0
16/12/2010 20:30;;37.9;28.4;45.1;16.1;25.3;0.08;25003;349;41;6;0
16/12/2010 21:00;;37.9;28.4;45.1;16.1;25.3;0.08;25004;349;42;6;0
16/12/2010 21:30;;37.9;28.4;45.1;16.1;25.3;0.08;25005;349;43;6;0
16/12/2010 22:00;;37.9;28.4;45.1;16.1;25.3;0.08;25006;349;44;6;0
16/12/2010 22:30;;37.9;28.4;45.1;16.1;25.3;0.08;25007;349;45;6;0
16/12/2010 23:00;;37.9;28.4;45.1;16.1;25.3;0.08;25008;349;46;6;0
16/12/2010 23:30;;37.9;28.4;45.1;16.1;25.3;0.08;25009;349;47;6;0
17/12/2010 00:00;;29.7;26.2;33.4;13.8;18.1;0.0;25010;350;48;0;0
17/12/2010 00:30;;29.7;26.2;33.4;13.8;18.1;0.0;25011;350;1;0;0
17/12/2010 01:00;;29.7;26.2;33.4;13.8;18.1;0.0;25012;350;2;0;0
17/12/2010 01:30;;29.7;26.2;33.4;13.8;18.1;0.0;25013;350;3;0;0
17/12/2010 02:00;;29.7;26.2;33.4;13.8;18.1;0.0;25014;350;4;0;0
17/12/2010 02:30;;29.7;26.2;33.4;13.8;18.1;0.0;25015;350;5;0;0
17/12/2010 03:00;;29.7;26.2;33.4;13.8;18.1;0.0;25016;350;6;0;0
17/12/2010 03:30;;29.7;26.2;33.4;13.8;18.1;0.0;25017;350;7;0;0
17/12/2010 04:00;;29.7;26.2;33.4;13.8;18.1;0.0;25018;350;8;0;0
17/12/2010 04:30;;29.7;26.2;33.4;13.8;18.1;0.0;25019;350;9;0;0
17/12/2010 05:00;;29.7;26.2;33.4;13.8;18.1;0.0;25020;350;10;0;0
17/12/2010 05:30;;29.7;26.2;33.4;13.8;18.1;0.0;25021;350;11;0;0
17/12/2010 06:00;;29.7;26.2;33.4;13.8;18.1;0.0;25022;350;12;0;0
17/12/2010 06:30;;29.7;26.2;33.4;13.8;18.1;0.0;25023;350;13;0;0
17/12/2010 07:00;;29.7;26.2;33.4;13.8;18.1;0.0;25024;350;14;0;0
17/12/2010 07:30;;29.7;26.2;33.4;13.8;18.1;0.0;25025;350;15;0;0
17/12/2010 08:00;;29.7;26.2;33.4;13.8;18.1;0.0;25026;350;16;0;0
17/12/2010 08:30;;29.7;26.2;33.4;13.8;18.1;0.0;25027;350;17;0;1
17/12/2010 09:00;;29.7;26.2;33.4;13.8;18.1;0.0;25028;350;18;0;1
17/12/2010 09:30;;29.7;26.2;33.4;13.8;18.1;0.0;25029;350;19;0;1
17/12/2010 10:00;;29.7;26.2;33.4;13.8;18.1;0.0;25030;350;20;0;1
17/12/2010 10:30;;29.7;26.2;33.4;13.8;18.1;0.0;25031;350;21;0;1
17/12/2010 11:00;;29.7;26.2;33.4;13.8;18.1;0.0;25032;350;22;0;1
17/12/2010 11:30;;29.7;26.2;33.4;13.8;18.1;0.0;25033;350;23;0;1
17/12/2010 12:00;;29.7;26.2;33.4;13.8;18.1;0.0;25034;350;24;0;1
17/12/2010 12:30;;29.7;26.2;33.4;13.8;18.1;0.0;25035;350;25;0;1
17/12/2010 13:00;;29.7;26.2;33.4;13.8;18.1;0.0;25036;350;26;0;1
17/12/2010 13:30;;29.7;26.2;33.4;13.8;18.1;0.0;25037;350;27;0;1
17/12/2010 14:00;;29.7;26.2;33.4;13.8;18.1;0.0;25038;350;28;0;1
17/12/2010 14:30;;29.7;26.2;33.4;13.8;18.1;0.0;25039;350;29;0;1
17/12/2010 15:00;;29.7;26.2;33.4;13.8;18.1;0.0;25040;350;30;0;1
17/12/2010 15:30;;29.7;26.2;33.4;13.8;18.1;0.0;25041;350;31;0;1
17/12/2010 16:00;;29.7;26.2;33.4;13.8;18.1;0.0;25042;350;32;0;1
17/12/2010 16:30;;29.7;26.2;33.4;13.8;18.1;0.0;25043;350;33;0;0
17/12/2010 17:00;;29.7;26.2;33.4;13.8;18.1;0.0;25044;350;34;0;0
17/12/2010 17:30;;29.7;26.2;33.4;13.8;18.1;0.0;25045;350;35;0;0
17/12/2010 18:00;;29.7;26.2;33.4;13.8;18.1;0.0;25046;350;36;0;0
17/12/2010 18:30;;29.7;26.2;33.4;13.8;18.1;0.0;25047;350;37;0;0
17/12/2010 19:00;;29.7;26.2;33.4;13.8;18.1;0.0;25048;350;38;0;0
17/12/2010 19:30;;29.7;26.2;33.4;13.8;18.1;0.0;25049;350;39;0;0
17/12/2010 20:00;;29.7;26.2;33.4;13.8;18.1;0.0;25050;350;40;0;0
17/12/2010 20:30;;29.7;26.2;33.4;13.8;18.1;0.0;25051;350;41;0;0
17/12/2010 21:00;;29.7;26.2;33.4;13.8;18.1;0.0;25052;350;42;0;0
17/12/2010 21:30;;29.7;26.2;33.4;13.8;18.1;0.0;25053;350;43;0;0
17/12/2010 22:00;;29.7;26.2;33.4;13.8;18.1;0.0;25054;350;44;0;0
17/12/2010 22:30;;29.7;26.2;33.4;13.8;18.1;0.0;25055;350;45;0;0
17/12/2010 23:00;;29.7;26.2;33.4;13.8;18.1;0.0;25056;350;46;0;0
17/12/2010 23:30;;29.7;26.2;33.4;13.8;18.1;0.0;25057;350;47;0;0
18/12/2010 00:00;;26.6;17.6;32.0;9.3;15.5;0.0;25058;351;48;1;0
18/12/2010 00:30;;26.6;17.6;32.0;9.3;15.5;0.0;25059;351;1;1;0
18/12/2010 01:00;;26.6;17.6;32.0;9.3;15.5;0.0;25060;351;2;1;0
18/12/2010 01:30;;26.6;17.6;32.0;9.3;15.5;0.0;25061;351;3;1;0
18/12/2010 02:00;;26.6;17.6;32.0;9.3;15.5;0.0;25062;351;4;1;0
18/12/2010 02:30;;26.6;17.6;32.0;9.3;15.5;0.0;25063;351;5;1;0
18/12/2010 03:00;;26.6;17.6;32.0;9.3;15.5;0.0;25064;351;6;1;0
18/12/2010 03:30;;26.6;17.6;32.0;9.3;15.5;0.0;25065;351;7;1;0
18/12/2010 04:00;;26.6;17.6;32.0;9.3;15.5;0.0;25066;351;8;1;0
18/12/2010 04:30;;26.6;17.6;32.0;9.3;15.5;0.0;25067;351;9;1;0
18/12/2010 05:00;;26.6;17.6;32.0;9.3;15.5;0.0;25068;351;10;1;0
18/12/2010 05:30;;26.6;17.6;32.0;9.3;15.5;0.0;25069;351;11;1;0
18/12/2010 06:00;;26.6;17.6;32.0;9.3;15.5;0.0;25070;351;12;1;0
18/12/2010 06:30;;26.6;17.6;32.0;9.3;15.5;0.0;25071;351;13;1;0
18/12/2010 07:00;;26.6;17.6;32.0;9.3;15.5;0.0;25072;351;14;1;0
18/12/2010 07:30;;26.6;17.6;32.0;9.3;15.5;0.0;25073;351;15;1;0
18/12/2010 08:00;;26.6;17.6;32.0;9.3;15.5;0.0;25074;351;16;1;0
18/12/2010 08:30;;26.6;17.6;32.0;9.3;15.5;0.0;25075;351;17;1;1
18/12/2010 09:00;;26.6;17.6;32.0;9.3;15.5;0.0;25076;351;18;1;1
18/12/2010 09:30;;26.6;17.6;32.0;9.3;15.5;0.0;25077;351;19;1;1
18/12/2010 10:00;;26.6;17.6;32.0;9.3;15.5;0.0;25078;351;20;1;1
18/12/2010 10:30;;26.6;17.6;32.0;9.3;15.5;0.0;25079;351;21;1;1
18/12/2010 11:00;;26.6;17.6;32.0;9.3;15.5;0.0;25080;351;22;1;1
18/12/2010 11:30;;26.6;17.6;32.0;9.3;15.5;0.0;25081;351;23;1;1
18/12/2010 12:00;;26.6;17.6;32.0;9.3;15.5;0.0;25082;351;24;1;1
18/12/2010 12:30;;26.6;17.6;32.0;9.3;15.5;0.0;25083;351;25;1;1
18/12/2010 13:00;;26.6;17.6;32.0;9.3;15.5;0.0;25084;351;26;1;1
18/12/2010 13:30;;26.6;17.6;32.0;9.3;15.5;0.0;25085;351;27;1;1
18/12/2010 14:00;;26.6;17.6;32.0;9.3;15.5;0.0;25086;351;28;1;1
18/12/2010 14:30;;26.6;17.6;32.0;9.3;15.5;0.0;25087;351;29;1;1
18/12/2010 15:00;;26.6;17.6;32.0;9.3;15.5;0.0;25088;351;30;1;1
18/12/2010 15:30;;26.6;17.6;32.0;9.3;15.5;0.0;25089;351;31;1;1
18/12/2010 16:00;;26.6;17.6;32.0;9.3;15.5;0.0;25090;351;32;1;1
18/12/2010 16:30;;26.6;17.6;32.0;9.3;15.5;0.0;25091;351;33;1;0
18/12/2010 17:00;;26.6;17.6;32.0;9.3;15.5;0.0;25092;351;34;1;0
18/12/2010 17:30;;26.6;17.6;32.0;9.3;15.5;0.0;25093;351;35;1;0
18/12/2010 18:00;;26.6;17.6;32.0;9.3;15.5;0.0;25094;351;36;1;0
18/12/2010 18:30;;26.6;17.6;32.0;9.3;15.5;0.0;25095;351;37;1;0
18/12/2010 19:00;;26.6;17.6;32.0;9.3;15.5;0.0;25096;351;38;1;0
18/12/2010 19:30;;26.6;17.6;32.0;9.3;15.5;0.0;25097;351;39;1;0
18/12/2010 20:00;;26.6;17.6;32.0;9.3;15.5;0.0;25098;351;40;1;0
18/12/2010 20:30;;26.6;17.6;32.0;9.3;15.5;0.0;25099;351;41;1;0
18/12/2010 21:00;;26.6;17.6;32.0;9.3;15.5;0.0;25100;351;42;1;0
18/12/2010 21:30;;26.6;17.6;32.0;9.3;15.5;0.0;25101;351;43;1;0
18/12/2010 22:00;;26.6;17.6;32.0;9.3;15.5;0.0;25102;351;44;1;0
18/12/2010 22:30;;26.6;17.6;32.0;9.3;15.5;0.0;25103;351;45;1;0
18/12/2010 23:00;;26.6;17.6;32.0;9.3;15.5;0.0;25104;351;46;1;0
18/12/2010 23:30;;26.6;17.6;32.0;9.3;15.5;0.0;25105;351;47;1;0
19/12/2010 00:00;;27.5;14.4;38.1;5.4;11.1;0.0;25106;352;48;2;0
19/12/2010 00:30;;27.5;14.4;38.1;5.4;11.1;0.0;25107;352;1;2;0
19/12/2010 01:00;;27.5;14.4;38.1;5.4;11.1;0.0;25108;352;2;2;0
19/12/2010 01:30;;27.5;14.4;38.1;5.4;11.1;0.0;25109;352;3;2;0
19/12/2010 02:00;;27.5;14.4;38.1;5.4;11.1;0.0;25110;352;4;2;0
19/12/2010 02:30;;27.5;14.4;38.1;5.4;11.1;0.0;25111;352;5;2;0
19/12/2010 03:00;;27.5;14.4;38.1;5.4;11.1;0.0;25112;352;6;2;0
19/12/2010 03:30;;27.5;14.4;38.1;5.4;11.1;0.0;25113;352;7;2;0
19/12/2010 04:00;;27.5;14.4;38.1;5.4;11.1;0.0;25114;352;8;2;0
19/12/2010 04:30;;27.5;14.4;38.1;5.4;11.1;0.0;25115;352;9;2;0
19/12/2010 05:00;;27.5;14.4;38.1;5.4;11.1;0.0;25116;352;10;2;0
19/12/2010 05:30;;27.5;14.4;38.1;5.4;11.1;0.0;25117;352;11;2;0
19/12/2010 06:00;;27.5;14.4;38.1;5.4;11.1;0.0;25118;352;12;2;0
19/12/2010 06:30;;27.5;14.4;38.1;5.4;11.1;0.0;25119;352;13;2;0
19/12/2010 07:00;;27.5;14.4;38.1;5.4;11.1;0.0;25120;352;14;2;0
19/12/2010 07:30;;27.5;14.4;38.1;5.4;11.1;0.0;25121;352;15;2;0
19/12/2010 08:00;;27.5;14.4;38.1;5.4;11.1;0.0;25122;352;16;2;0
19/12/2010 08:30;;27.5;14.4;38.1;5.4;11.1;0.0;25123;352;17;2;1
19/12/2010 09:00;;27.5;14.4;38.1;5.4;11.1;0.0;25124;352;18;2;1
19/12/2010 09:30;;27.5;14.4;38.1;5.4;11.1;0.0;25125;352;19;2;1
19/12/2010 10:00;;27.5;14.4;38.1;5.4;11.1;0.0;25126;352;20;2;1
19/12/2010 10:30;;27.5;14.4;38.1;5.4;11.1;0.0;25127;352;21;2;1
19/12/2010 11:00;;27.5;14.4;38.1;5.4;11.1;0.0;25128;352;22;2;1
19/12/2010 11:30;;27.5;14.4;38.1;5.4;11.1;0.0;25129;352;23;2;1
19/12/2010 12:00;;27.5;14.4;38.1;5.4;11.1;0.0;25130;352;24;2;1
19/12/2010 12:30;;27.5;14.4;38.1;5.4;11.1;0.0;25131;352;25;2;1
19/12/2010 13:00;;27.5;14.4;38.1;5.4;11.1;0.0;25132;352;26;2;1
19/12/2010 13:30;;27.5;14.4;38.1;5.4;11.1;0.0;25133;352;27;2;1
19/12/2010 14:00;;27.5;14.4;38.1;5.4;11.1;0.0;25134;352;28;2;1
19/12/2010 14:30;;27.5;14.4;38.1;5.4;11.1;0.0;25135;352;29;2;1
19/12/2010 15:00;;27.5;14.4;38.1;5.4;11.1;0.0;25136;352;30;2;1
19/12/2010 15:30;;27.5;14.4;38.1;5.4;11.1;0.0;25137;352;31;2;1
19/12/2010 16:00;;27.5;14.4;38.1;5.4;11.1;0.0;25138;352;32;2;1
19/12/2010 16:30;;27.5;14.4;38.1;5.4;11.1;0.0;25139;352;33;2;0
19/12/2010 17:00;;27.5;14.4;38.1;5.4;11.1;0.0;25140;352;34;2;0
19/12/2010 17:30;;27.5;14.4;38.1;5.4;11.1;0.0;25141;352;35;2;0
19/12/2010 18:00;;27.5;14.4;38.1;5.4;11.1;0.0;25142;352;36;2;0
19/12/2010 18:30;;27.5;14.4;38.1;5.4;11.1;0.0;25143;352;37;2;0
19/12/2010 19:00;;27.5;14.4;38.1;5.4;11.1;0.0;25144;352;38;2;0
19/12/2010 19:30;;27.5;14.4;38.1;5.4;11.1;0.0;25145;352;39;2;0
19/12/2010 20:00;;27.5;14.4;38.1;5.4;11.1;0.0;25146;352;40;2;0
19/12/2010 20:30;;27.5;14.4;38.1;5.4;11.1;0.0;25147;352;41;2;0
19/12/2010 21:00;;27.5;14.4;38.1;5.4;11.1;0.0;25148;352;42;2;0
19/12/2010 21:30;;27.5;14.4;38.1;5.4;11.1;0.0;25149;352;43;2;0
19/12/2010 22:00;;27.5;14.4;38.1;5.4;11.1;0.0;25150;352;44;2;0
19/12/2010 22:30;;27.5;14.4;38.1;5.4;11.1;0.0;25151;352;45;2;0
19/12/2010 23:00;;27.5;14.4;38.1;5.4;11.1;0.0;25152;352;46;2;0
19/12/2010 23:30;;27.5;14.4;38.1;5.4;11.1;0.0;25153;352;47;2;0
20/12/2010 00:00;;24.7;15.8;32.2;5.2;9.7;0.01;25154;353;48;3;0
20/12/2010 00:30;;24.7;15.8;32.2;5.2;9.7;0.01;25155;353;1;3;0
20/12/2010 01:00;;24.7;15.8;32.2;5.2;9.7;0.01;25156;353;2;3;0
20/12/2010 01:30;;24.7;15.8;32.2;5.2;9.7;0.01;25157;353;3;3;0
20/12/2010 02:00;;24.7;15.8;32.2;5.2;9.7;0.01;25158;353;4;3;0
20/12/2010 02:30;;24.7;15.8;32.2;5.2;9.7;0.01;25159;353;5;3;0
20/12/2010 03:00;;24.7;15.8;32.2;5.2;9.7;0.01;25160;353;6;3;0
20/12/2010 03:30;;24.7;15.8;32.2;5.2;9.7;0.01;25161;353;7;3;0
20/12/2010 04:00;;24.7;15.8;32.2;5.2;9.7;0.01;25162;353;8;3;0
20/12/2010 04:30;;24.7;15.8;32.2;5.2;9.7;0.01;25163;353;9;3;0
20/12/2010 05:00;;24.7;15.8;32.2;5.2;9.7;0.01;25164;353;10;3;0
20/12/2010 05:30;;24.7;15.8;32.2;5.2;9.7;0.01;25165;353;11;3;0
20/12/2010 06:00;;24.7;15.8;32.2;5.2;9.7;0.01;25166;353;12;3;0
20/12/2010 06:30;;24.7;15.8;32.2;5.2;9.7;0.01;25167;353;13;3;0
20/12/2010 07:00;;24.7;15.8;32.2;5.2;9.7;0.01;25168;353;14;3;0
20/12/2010 07:30;;24.7;15.8;32.2;5.2;9.7;0.01;25169;353;15;3;0
20/12/2010 08:00;;24.7;15.8;32.2;5.2;9.7;0.01;25170;353;16;3;0
20/12/2010 08:30;;24.7;15.8;32.2;5.2;9.7;0.01;25171;353;17;3;1
20/12/2010 09:00;;24.7;15.8;32.2;5.2;9.7;0.01;25172;353;18;3;1
20/12/2010 09:30;;24.7;15.8;32.2;5.2;9.7;0.01;25173;353;19;3;1
20/12/2010 10:00;;24.7;15.8;32.2;5.2;9.7;0.01;25174;353;20;3;1
20/12/2010 10:30;;24.7;15.8;32.2;5.2;9.7;0.01;25175;353;21;3;1
20/12/2010 11:00;;24.7;15.8;32.2;5.2;9.7;0.01;25176;353;22;3;1
20/12/2010 11:30;;24.7;15.8;32.2;5.2;9.7;0.01;25177;353;23;3;1
20/12/2010 12:00;;24.7;15.8;32.2;5.2;9.7;0.01;25178;353;24;3;1
20/12/2010 12:30;;24.7;15.8;32.2;5.2;9.7;0.01;25179;353;25;3;1
20/12/2010 13:00;;24.7;15.8;32.2;5.2;9.7;0.01;25180;353;26;3;1
20/12/2010 13:30;;24.7;15.8;32.2;5.2;9.7;0.01;25181;353;27;3;1
20/12/2010 14:00;;24.7;15.8;32.2;5.2;9.7;0.01;25182;353;28;3;1
20/12/2010 14:30;;24.7;15.8;32.2;5.2;9.7;0.01;25183;353;29;3;1
20/12/2010 15:00;;24.7;15.8;32.2;5.2;9.7;0.01;25184;353;30;3;1
20/12/2010 15:30;;24.7;15.8;32.2;5.2;9.7;0.01;25185;353;31;3;1
20/12/2010 16:00;;24.7;15.8;32.2;5.2;9.7;0.01;25186;353;32;3;1
20/12/2010 16:30;;24.7;15.8;32.2;5.2;9.7;0.01;25187;353;33;3;0
20/12/2010 17:00;;24.7;15.8;32.2;5.2;9.7;0.01;25188;353;34;3;0
20/12/2010 17:30;;24.7;15.8;32.2;5.2;9.7;0.01;25189;353;35;3;0
20/12/2010 18:00;;24.7;15.8;32.2;5.2;9.7;0.01;25190;353;36;3;0
20/12/2010 18:30;;24.7;15.8;32.2;5.2;9.7;0.01;25191;353;37;3;0
20/12/2010 19:00;;24.7;15.8;32.2;5.2;9.7;0.01;25192;353;38;3;0
20/12/2010 19:30;;24.7;15.8;32.2;5.2;9.7;0.01;25193;353;39;3;0
20/12/2010 20:00;;24.7;15.8;32.2;5.2;9.7;0.01;25194;353;40;3;0
20/12/2010 20:30;;24.7;15.8;32.2;5.2;9.7;0.01;25195;353;41;3;0
20/12/2010 21:00;;24.7;15.8;32.2;5.2;9.7;0.01;25196;353;42;3;0
20/12/2010 21:30;;24.7;15.8;32.2;5.2;9.7;0.01;25197;353;43;3;0
20/12/2010 22:00;;24.7;15.8;32.2;5.2;9.7;0.01;25198;353;44;3;0
20/12/2010 22:30;;24.7;15.8;32.2;5.2;9.7;0.01;25199;353;45;3;0
20/12/2010 23:00;;24.7;15.8;32.2;5.2;9.7;0.01;25200;353;46;3;0
20/12/2010 23:30;;24.7;15.8;32.2;5.2;9.7;0.01;25201;353;47;3;0
21/12/2010 00:00;;23.8;14.0;33.8;7.9;13.6;0.2;25202;354;48;4;0
21/12/2010 00:30;;23.8;14.0;33.8;7.9;13.6;0.2;25203;354;1;4;0
21/12/2010 01:00;;23.8;14.0;33.8;7.9;13.6;0.2;25204;354;2;4;0
21/12/2010 01:30;;23.8;14.0;33.8;7.9;13.6;0.2;25205;354;3;4;0
21/12/2010 02:00;;23.8;14.0;33.8;7.9;13.6;0.2;25206;354;4;4;0
21/12/2010 02:30;;23.8;14.0;33.8;7.9;13.6;0.2;25207;354;5;4;0
21/12/2010 03:00;;23.8;14.0;33.8;7.9;13.6;0.2;25208;354;6;4;0
21/12/2010 03:30;;23.8;14.0;33.8;7.9;13.6;0.2;25209;354;7;4;0
21/12/2010 04:00;;23.8;14.0;33.8;7.9;13.6;0.2;25210;354;8;4;0
21/12/2010 04:30;;23.8;14.0;33.8;7.9;13.6;0.2;25211;354;9;4;0
21/12/2010 05:00;;23.8;14.0;33.8;7.9;13.6;0.2;25212;354;10;4;0
21/12/2010 05:30;;23.8;14.0;33.8;7.9;13.6;0.2;25213;354;11;4;0
21/12/2010 06:00;;23.8;14.0;33.8;7.9;13.6;0.2;25214;354;12;4;0
21/12/2010 06:30;;23.8;14.0;33.8;7.9;13.6;0.2;25215;354;13;4;0
21/12/2010 07:00;;23.8;14.0;33.8;7.9;13.6;0.2;25216;354;14;4;0
21/12/2010 07:30;;23.8;14.0;33.8;7.9;13.6;0.2;25217;354;15;4;0
21/12/2010 08:00;;23.8;14.0;33.8;7.9;13.6;0.2;25218;354;16;4;0
21/12/2010 08:30;;23.8;14.0;33.8;7.9;13.6;0.2;25219;354;17;4;1
21/12/2010 09:00;;23.8;14.0;33.8;7.9;13.6;0.2;25220;354;18;4;1
21/12/2010 09:30;;23.8;14.0;33.8;7.9;13.6;0.2;25221;354;19;4;1
21/12/2010 10:00;;23.8;14.0;33.8;7.9;13.6;0.2;25222;354;20;4;1
21/12/2010 10:30;;23.8;14.0;33.8;7.9;13.6;0.2;25223;354;21;4;1
21/12/2010 11:00;;23.8;14.0;33.8;7.9;13.6;0.2;25224;354;22;4;1
21/12/2010 11:30;;23.8;14.0;33.8;7.9;13.6;0.2;25225;354;23;4;1
21/12/2010 12:00;;23.8;14.0;33.8;7.9;13.6;0.2;25226;354;24;4;1
21/12/2010 12:30;;23.8;14.0;33.8;7.9;13.6;0.2;25227;354;25;4;1
21/12/2010 13:00;;23.8;14.0;33.8;7.9;13.6;0.2;25228;354;26;4;1
21/12/2010 13:30;;23.8;14.0;33.8;7.9;13.6;0.2;25229;354;27;4;1
21/12/2010 14:00;;23.8;14.0;33.8;7.9;13.6;0.2;25230;354;28;4;1
21/12/2010 14:30;;23.8;14.0;33.8;7.9;13.6;0.2;25231;354;29;4;1
21/12/2010 15:00;;23.8;14.0;33.8;7.9;13.6;0.2;25232;354;30;4;1
21/12/2010 15:30;;23.8;14.0;33.8;7.9;13.6;0.2;25233;354;31;4;1
21/12/2010 16:00;;23.8;14.0;33.8;7.9;13.6;0.2;25234;354;32;4;1
21/12/2010 16:30;;23.8;14.0;33.8;7.9;13.6;0.2;25235;354;33;4;0
21/12/2010 17:00;;23.8;14.0;33.8;7.9;13.6;0.2;25236;354;34;4;0
21/12/2010 17:30;;23.8;14.0;33.8;7.9;13.6;0.2;25237;354;35;4;0
21/12/2010 18:00;;23.8;14.0;33.8;7.9;13.6;0.2;25238;354;36;4;0
21/12/2010 18:30;;23.8;14.0;33.8;7.9;13.6;0.2;25239;354;37;4;0
21/12/2010 19:00;;23.8;14.0;33.8;7.9;13.6;0.2;25240;354;38;4;0
21/12/2010 19:30;;23.8;14.0;33.8;7.9;13.6;0.2;25241;354;39;4;0
21/12/2010 20:00;;23.8;14.0;33.8;7.9;13.6;0.2;25242;354;40;4;0
21/12/2010 20:30;;23.8;14.0;33.8;7.9;13.6;0.2;25243;354;41;4;0
21/12/2010 21:00;;23.8;14.0;33.8;7.9;13.6;0.2;25244;354;42;4;0
21/12/2010 21:30;;23.8;14.0;33.8;7.9;13.6;0.2;25245;354;43;4;0
21/12/2010 22:00;;23.8;14.0;33.8;7.9;13.6;0.2;25246;354;44;4;0
21/12/2010 22:30;;23.8;14.0;33.8;7.9;13.6;0.2;25247;354;45;4;0
21/12/2010 23:00;;23.8;14.0;33.8;7.9;13.6;0.2;25248;354;46;4;0
21/12/2010 23:30;;23.8;14.0;33.8;7.9;13.6;0.2;25249;354;47;4;0
22/12/2010 00:00;;24.0;15.8;32.0;6.9;13.6;0.31;25250;355;48;5;0
22/12/2010 00:30;;24.0;15.8;32.0;6.9;13.6;0.31;25251;355;1;5;0
22/12/2010 01:00;;24.0;15.8;32.0;6.9;13.6;0.31;25252;355;2;5;0
22/12/2010 01:30;;24.0;15.8;32.0;6.9;13.6;0.31;25253;355;3;5;0
22/12/2010 02:00;;24.0;15.8;32.0;6.9;13.6;0.31;25254;355;4;5;0
22/12/2010 02:30;;24.0;15.8;32.0;6.9;13.6;0.31;25255;355;5;5;0
22/12/2010 03:00;;24.0;15.8;32.0;6.9;13.6;0.31;25256;355;6;5;0
22/12/2010 03:30;;24.0;15.8;32.0;6.9;13.6;0.31;25257;355;7;5;0
22/12/2010 04:00;;24.0;15.8;32.0;6.9;13.6;0.31;25258;355;8;5;0
22/12/2010 04:30;;24.0;15.8;32.0;6.9;13.6;0.31;25259;355;9;5;0
22/12/2010 05:00;;24.0;15.8;32.0;6.9;13.6;0.31;25260;355;10;5;0
22/12/2010 05:30;;24.0;15.8;32.0;6.9;13.6;0.31;25261;355;11;5;0
22/12/2010 06:00;;24.0;15.8;32.0;6.9;13.6;0.31;25262;355;12;5;0
22/12/2010 06:30;;24.0;15.8;32.0;6.9;13.6;0.31;25263;355;13;5;0
22/12/2010 07:00;;24.0;15.8;32.0;6.9;13.6;0.31;25264;355;14;5;0
22/12/2010 07:30;;24.0;15.8;32.0;6.9;13.6;0.31;25265;355;15;5;0
22/12/2010 08:00;;24.0;15.8;32.0;6.9;13.6;0.31;25266;355;16;5;0
22/12/2010 08:30;;24.0;15.8;32.0;6.9;13.6;0.31;25267;355;17;5;1
22/12/2010 09:00;;24.0;15.8;32.0;6.9;13.6;0.31;25268;355;18;5;1
22/12/2010 09:30;;24.0;15.8;32.0;6.9;13.6;0.31;25269;355;19;5;1
22/12/2010 10:00;;24.0;15.8;32.0;6.9;13.6;0.31;25270;355;20;5;1
22/12/2010 10:30;;24.0;15.8;32.0;6.9;13.6;0.31;25271;355;21;5;1
22/12/2010 11:00;;24.0;15.8;32.0;6.9;13.6;0.31;25272;355;22;5;1
22/12/2010 11:30;;24.0;15.8;32.0;6.9;13.6;0.31;25273;355;23;5;1
22/12/2010 12:00;;24.0;15.8;32.0;6.9;13.6;0.31;25274;355;24;5;1
22/12/2010 12:30;;24.0;15.8;32.0;6.9;13.6;0.31;25275;355;25;5;1
22/12/2010 13:00;;24.0;15.8;32.0;6.9;13.6;0.31;25276;355;26;5;1
22/12/2010 13:30;;24.0;15.8;32.0;6.9;13.6;0.31;25277;355;27;5;1
22/12/2010 14:00;;24.0;15.8;32.0;6.9;13.6;0.31;25278;355;28;5;1
22/12/2010 14:30;;24.0;15.8;32.0;6.9;13.6;0.31;25279;355;29;5;1
22/12/2010 15:00;;24.0;15.8;32.0;6.9;13.6;0.31;25280;355;30;5;1
22/12/2010 15:30;;24.0;15.8;32.0;6.9;13.6;0.31;25281;355;31;5;1
22/12/2010 16:00;;24.0;15.8;32.0;6.9;13.6;0.31;25282;355;32;5;1
22/12/2010 16:30;;24.0;15.8;32.0;6.9;13.6;0.31;25283;355;33;5;0
22/12/2010 17:00;;24.0;15.8;32.0;6.9;13.6;0.31;25284;355;34;5;0
22/12/2010 17:30;;24.0;15.8;32.0;6.9;13.6;0.31;25285;355;35;5;0
22/12/2010 18:00;;24.0;15.8;32.0;6.9;13.6;0.31;25286;355;36;5;0
22/12/2010 18:30;;24.0;15.8;32.0;6.9;13.6;0.31;25287;355;37;5;0
22/12/2010 19:00;;24.0;15.8;32.0;6.9;13.6;0.31;25288;355;38;5;0
22/12/2010 19:30;;24.0;15.8;32.0;6.9;13.6;0.31;25289;355;39;5;0
22/12/2010 20:00;;24.0;15.8;32.0;6.9;13.6;0.31;25290;355;40;5;0
22/12/2010 20:30;;24.0;15.8;32.0;6.9;13.6;0.31;25291;355;41;5;0
22/12/2010 21:00;;24.0;15.8;32.0;6.9;13.6;0.31;25292;355;42;5;0
22/12/2010 21:30;;24.0;15.8;32.0;6.9;13.6;0.31;25293;355;43;5;0
22/12/2010 22:00;;24.0;15.8;32.0;6.9;13.6;0.31;25294;355;44;5;0
22/12/2010 22:30;;24.0;15.8;32.0;6.9;13.6;0.31;25295;355;45;5;0
22/12/2010 23:00;;24.0;15.8;32.0;6.9;13.6;0.31;25296;355;46;5;0
22/12/2010 23:30;;24.0;15.8;32.0;6.9;13.6;0.31;25297;355;47;5;0
23/12/2010 00:00;;27.2;16.5;32.9;7.9;11.7;0.21;25298;356;48;6;0
23/12/2010 00:30;;27.2;16.5;32.9;7.9;11.7;0.21;25299;356;1;6;0
23/12/2010 01:00;;27.2;16.5;32.9;7.9;11.7;0.21;25300;356;2;6;0
23/12/2010 01:30;;27.2;16.5;32.9;7.9;11.7;0.21;25301;356;3;6;0
23/12/2010 02:00;;27.2;16.5;32.9;7.9;11.7;0.21;25302;356;4;6;0
23/12/2010 02:30;;27.2;16.5;32.9;7.9;11.7;0.21;25303;356;5;6;0
23/12/2010 03:00;;27.2;16.5;32.9;7.9;11.7;0.21;25304;356;6;6;0
23/12/2010 03:30;;27.2;16.5;32.9;7.9;11.7;0.21;25305;356;7;6;0
23/12/2010 04:00;;27.2;16.5;32.9;7.9;11.7;0.21;25306;356;8;6;0
23/12/2010 04:30;;27.2;16.5;32.9;7.9;11.7;0.21;25307;356;9;6;0
23/12/2010 05:00;;27.2;16.5;32.9;7.9;11.7;0.21;25308;356;10;6;0
23/12/2010 05:30;;27.2;16.5;32.9;7.9;11.7;0.21;25309;356;11;6;0
23/12/2010 06:00;;27.2;16.5;32.9;7.9;11.7;0.21;25310;356;12;6;0
23/12/2010 06:30;;27.2;16.5;32.9;7.9;11.7;0.21;25311;356;13;6;0
23/12/2010 07:00;;27.2;16.5;32.9;7.9;11.7;0.21;25312;356;14;6;0
23/12/2010 07:30;;27.2;16.5;32.9;7.9;11.7;0.21;25313;356;15;6;0
23/12/2010 08:00;;27.2;16.5;32.9;7.9;11.7;0.21;25314;356;16;6;0
23/12/2010 08:30;;27.2;16.5;32.9;7.9;11.7;0.21;25315;356;17;6;1
23/12/2010 09:00;;27.2;16.5;32.9;7.9;11.7;0.21;25316;356;18;6;1
23/12/2010 09:30;;27.2;16.5;32.9;7.9;11.7;0.21;25317;356;19;6;1
23/12/2010 10:00;;27.2;16.5;32.9;7.9;11.7;0.21;25318;356;20;6;1
23/12/2010 10:30;;27.2;16.5;32.9;7.9;11.7;0.21;25319;356;21;6;1
23/12/2010 11:00;;27.2;16.5;32.9;7.9;11.7;0.21;25320;356;22;6;1
23/12/2010 11:30;;27.2;16.5;32.9;7.9;11.7;0.21;25321;356;23;6;1
23/12/2010 12:00;;27.2;16.5;32.9;7.9;11.7;0.21;25322;356;24;6;1
23/12/2010 12:30;;27.2;16.5;32.9;7.9;11.7;0.21;25323;356;25;6;1
23/12/2010 13:00;;27.2;16.5;32.9;7.9;11.7;0.21;25324;356;26;6;1
23/12/2010 13:30;;27.2;16.5;32.9;7.9;11.7;0.21;25325;356;27;6;1
23/12/2010 14:00;;27.2;16.5;32.9;7.9;11.7;0.21;25326;356;28;6;1
23/12/2010 14:30;;27.2;16.5;32.9;7.9;11.7;0.21;25327;356;29;6;1
23/12/2010 15:00;;27.2;16.5;32.9;7.9;11.7;0.21;25328;356;30;6;1
23/12/2010 15:30;;27.2;16.5;32.9;7.9;11.7;0.21;25329;356;31;6;1
23/12/2010 16:00;;27.2;16.5;32.9;7.9;11.7;0.21;25330;356;32;6;1
23/12/2010 16:30;;27.2;16.5;32.9;7.9;11.7;0.21;25331;356;33;6;0
23/12/2010 17:00;;27.2;16.5;32.9;7.9;11.7;0.21;25332;356;34;6;0
23/12/2010 17:30;;27.2;16.5;32.9;7.9;11.7;0.21;25333;356;35;6;0
23/12/2010 18:00;;27.2;16.5;32.9;7.9;11.7;0.21;25334;356;36;6;0
23/12/2010 18:30;;27.2;16.5;32.9;7.9;11.7;0.21;25335;356;37;6;0
23/12/2010 19:00;;27.2;16.5;32.9;7.9;11.7;0.21;25336;356;38;6;0
23/12/2010 19:30;;27.2;16.5;32.9;7.9;11.7;0.21;25337;356;39;6;0
23/12/2010 20:00;;27.2;16.5;32.9;7.9;11.7;0.21;25338;356;40;6;0
23/12/2010 20:30;;27.2;16.5;32.9;7.9;11.7;0.21;25339;356;41;6;0
23/12/2010 21:00;;27.2;16.5;32.9;7.9;11.7;0.21;25340;356;42;6;0
23/12/2010 21:30;;27.2;16.5;32.9;7.9;11.7;0.21;25341;356;43;6;0
23/12/2010 22:00;;27.2;16.5;32.9;7.9;11.7;0.21;25342;356;44;6;0
23/12/2010 22:30;;27.2;16.5;32.9;7.9;11.7;0.21;25343;356;45;6;0
23/12/2010 23:00;;27.2;16.5;32.9;7.9;11.7;0.21;25344;356;46;6;0
23/12/2010 23:30;;27.2;16.5;32.9;7.9;11.7;0.21;25345;356;47;6;0
24/12/2010 00:00;;18.6;12.2;23.5;9.6;13.6;0.12;25346;357;48;0;0
24/12/2010 00:30;;18.6;12.2;23.5;9.6;13.6;0.12;25347;357;1;0;0
24/12/2010 01:00;;18.6;12.2;23.5;9.6;13.6;0.12;25348;357;2;0;0
24/12/2010 01:30;;18.6;12.2;23.5;9.6;13.6;0.12;25349;357;3;0;0
24/12/2010 02:00;;18.6;12.2;23.5;9.6;13.6;0.12;25350;357;4;0;0
24/12/2010 02:30;;18.6;12.2;23.5;9.6;13.6;0.12;25351;357;5;0;0
24/12/2010 03:00;;18.6;12.2;23.5;9.6;13.6;0.12;25352;357;6;0;0
24/12/2010 03:30;;18.6;12.2;23.5;9.6;13.6;0.12;25353;357;7;0;0
24/12/2010 04:00;;18.6;12.2;23.5;9.6;13.6;0.12;25354;357;8;0;0
24/12/2010 04:30;;18.6;12.2;23.5;9.6;13.6;0.12;25355;357;9;0;0
24/12/2010 05:00;;18.6;12.2;23.5;9.6;13.6;0.12;25356;357;10;0;0
24/12/2010 05:30;;18.6;12.2;23.5;9.6;13.6;0.12;25357;357;11;0;0
24/12/2010 06:00;;18.6;12.2;23.5;9.6;13.6;0.12;25358;357;12;0;0
24/12/2010 06:30;;18.6;12.2;23.5;9.6;13.6;0.12;25359;357;13;0;0
24/12/2010 07:00;;18.6;12.2;23.5;9.6;13.6;0.12;25360;357;14;0;0
24/12/2010 07:30;;18.6;12.2;23.5;9.6;13.6;0.12;25361;357;15;0;0
24/12/2010 08:00;;18.6;12.2;23.5;9.6;13.6;0.12;25362;357;16;0;0
24/12/2010 08:30;;18.6;12.2;23.5;9.6;13.6;0.12;25363;357;17;0;1
24/12/2010 09:00;;18.6;12.2;23.5;9.6;13.6;0.12;25364;357;18;0;1
24/12/2010 09:30;;18.6;12.2;23.5;9.6;13.6;0.12;25365;357;19;0;1
24/12/2010 10:00;;18.6;12.2;23.5;9.6;13.6;0.12;25366;357;20;0;1
24/12/2010 10:30;;18.6;12.2;23.5;9.6;13.6;0.12;25367;357;21;0;1
24/12/2010 11:00;;18.6;12.2;23.5;9.6;13.6;0.12;25368;357;22;0;1
24/12/2010 11:30;;18.6;12.2;23.5;9.6;13.6;0.12;25369;357;23;0;1
24/12/2010 12:00;;18.6;12.2;23.5;9.6;13.6;0.12;25370;357;24;0;1
24/12/2010 12:30;;18.6;12.2;23.5;9.6;13.6;0.12;25371;357;25;0;1
24/12/2010 13:00;;18.6;12.2;23.5;9.6;13.6;0.12;25372;357;26;0;1
24/12/2010 13:30;;18.6;12.2;23.5;9.6;13.6;0.12;25373;357;27;0;1
24/12/2010 14:00;;18.6;12.2;23.5;9.6;13.6;0.12;25374;357;28;0;1
24/12/2010 14:30;;18.6;12.2;23.5;9.6;13.6;0.12;25375;357;29;0;1
24/12/2010 15:00;;18.6;12.2;23.5;9.6;13.6;0.12;25376;357;30;0;1
24/12/2010 15:30;;18.6;12.2;23.5;9.6;13.6;0.12;25377;357;31;0;1
24/12/2010 16:00;;18.6;12.2;23.5;9.6;13.6;0.12;25378;357;32;0;1
24/12/2010 16:30;;18.6;12.2;23.5;9.6;13.6;0.12;25379;357;33;0;0
24/12/2010 17:00;;18.6;12.2;23.5;9.6;13.6;0.12;25380;357;34;0;0
24/12/2010 17:30;;18.6;12.2;23.5;9.6;13.6;0.12;25381;357;35;0;0
24/12/2010 18:00;;18.6;12.2;23.5;9.6;13.6;0.12;25382;357;36;0;0
24/12/2010 18:30;;18.6;12.2;23.5;9.6;13.6;0.12;25383;357;37;0;0
24/12/2010 19:00;;18.6;12.2;23.5;9.6;13.6;0.12;25384;357;38;0;0
24/12/2010 19:30;;18.6;12.2;23.5;9.6;13.6;0.12;25385;357;39;0;0
24/12/2010 20:00;;18.6;12.2;23.5;9.6;13.6;0.12;25386;357;40;0;0
24/12/2010 20:30;;18.6;12.2;23.5;9.6;13.6;0.12;25387;357;41;0;0
24/12/2010 21:00;;18.6;12.2;23.5;9.6;13.6;0.12;25388;357;42;0;0
24/12/2010 21:30;;18.6;12.2;23.5;9.6;13.6;0.12;25389;357;43;0;0
24/12/2010 22:00;;18.6;12.2;23.5;9.6;13.6;0.12;25390;357;44;0;0
24/12/2010 22:30;;18.6;12.2;23.5;9.6;13.6;0.12;25391;357;45;0;0
24/12/2010 23:00;;18.6;12.2;23.5;9.6;13.6;0.12;25392;357;46;0;0
24/12/2010 23:30;;18.6;12.2;23.5;9.6;13.6;0.12;25393;357;47;0;0
25/12/2010 00:00;;17.1;11.7;24.1;6.3;13.6;0.0;25394;358;48;1;0
25/12/2010 00:30;;17.1;11.7;24.1;6.3;13.6;0.0;25395;358;1;1;0
25/12/2010 01:00;;17.1;11.7;24.1;6.3;13.6;0.0;25396;358;2;1;0
25/12/2010 01:30;;17.1;11.7;24.1;6.3;13.6;0.0;25397;358;3;1;0
25/12/2010 02:00;;17.1;11.7;24.1;6.3;13.6;0.0;25398;358;4;1;0
25/12/2010 02:30;;17.1;11.7;24.1;6.3;13.6;0.0;25399;358;5;1;0
25/12/2010 03:00;;17.1;11.7;24.1;6.3;13.6;0.0;25400;358;6;1;0
25/12/2010 03:30;;17.1;11.7;24.1;6.3;13.6;0.0;25401;358;7;1;0
25/12/2010 04:00;;17.1;11.7;24.1;6.3;13.6;0.0;25402;358;8;1;0
25/12/2010 04:30;;17.1;11.7;24.1;6.3;13.6;0.0;25403;358;9;1;0
25/12/2010 05:00;;17.1;11.7;24.1;6.3;13.6;0.0;25404;358;10;1;0
25/12/2010 05:30;;17.1;11.7;24.1;6.3;13.6;0.0;25405;358;11;1;0
25/12/2010 06:00;;17.1;11.7;24.1;6.3;13.6;0.0;25406;358;12;1;0
25/12/2010 06:30;;17.1;11.7;24.1;6.3;13.6;0.0;25407;358;13;1;0
25/12/2010 07:00;;17.1;11.7;24.1;6.3;13.6;0.0;25408;358;14;1;0
25/12/2010 07:30;;17.1;11.7;24.1;6.3;13.6;0.0;25409;358;15;1;0
25/12/2010 08:00;;17.1;11.7;24.1;6.3;13.6;0.0;25410;358;16;1;0
25/12/2010 08:30;;17.1;11.7;24.1;6.3;13.6;0.0;25411;358;17;1;1
25/12/2010 09:00;;17.1;11.7;24.1;6.3;13.6;0.0;25412;358;18;1;1
25/12/2010 09:30;;17.1;11.7;24.1;6.3;13.6;0.0;25413;358;19;1;1
25/12/2010 10:00;;17.1;11.7;24.1;6.3;13.6;0.0;25414;358;20;1;1
25/12/2010 10:30;;17.1;11.7;24.1;6.3;13.6;0.0;25415;358;21;1;1
25/12/2010 11:00;;17.1;11.7;24.1;6.3;13.6;0.0;25416;358;22;1;1
25/12/2010 11:30;;17.1;11.7;24.1;6.3;13.6;0.0;25417;358;23;1;1
25/12/2010 12:00;;17.1;11.7;24.1;6.3;13.6;0.0;25418;358;24;1;1
25/12/2010 12:30;;17.1;11.7;24.1;6.3;13.6;0.0;25419;358;25;1;1
25/12/2010 13:00;;17.1;11.7;24.1;6.3;13.6;0.0;25420;358;26;1;1
25/12/2010 13:30;;17.1;11.7;24.1;6.3;13.6;0.0;25421;358;27;1;1
25/12/2010 14:00;;17.1;11.7;24.1;6.3;13.6;0.0;25422;358;28;1;1
25/12/2010 14:30;;17.1;11.7;24.1;6.3;13.6;0.0;25423;358;29;1;1
25/12/2010 15:00;;17.1;11.7;24.1;6.3;13.6;0.0;25424;358;30;1;1
25/12/2010 15:30;;17.1;11.7;24.1;6.3;13.6;0.0;25425;358;31;1;1
25/12/2010 16:00;;17.1;11.7;24.1;6.3;13.6;0.0;25426;358;32;1;1
25/12/2010 16:30;;17.1;11.7;24.1;6.3;13.6;0.0;25427;358;33;1;0
25/12/2010 17:00;;17.1;11.7;24.1;6.3;13.6;0.0;25428;358;34;1;0
25/12/2010 17:30;;17.1;11.7;24.1;6.3;13.6;0.0;25429;358;35;1;0
25/12/2010 18:00;;17.1;11.7;24.1;6.3;13.6;0.0;25430;358;36;1;0
25/12/2010 18:30;;17.1;11.7;24.1;6.3;13.6;0.0;25431;358;37;1;0
25/12/2010 19:00;;17.1;11.7;24.1;6.3;13.6;0.0;25432;358;38;1;0
25/12/2010 19:30;;17.1;11.7;24.1;6.3;13.6;0.0;25433;358;39;1;0
25/12/2010 20:00;;17.1;11.7;24.1;6.3;13.6;0.0;25434;358;40;1;0
25/12/2010 20:30;;17.1;11.7;24.1;6.3;13.6;0.0;25435;358;41;1;0
25/12/2010 21:00;;17.1;11.7;24.1;6.3;13.6;0.0;25436;358;42;1;0
25/12/2010 21:30;;17.1;11.7;24.1;6.3;13.6;0.0;25437;358;43;1;0
25/12/2010 22:00;;17.1;11.7;24.1;6.3;13.6;0.0;25438;358;44;1;0
25/12/2010 22:30;;17.1;11.7;24.1;6.3;13.6;0.0;25439;358;45;1;0
25/12/2010 23:00;;17.1;11.7;24.1;6.3;13.6;0.0;25440;358;46;1;0
25/12/2010 23:30;;17.1;11.7;24.1;6.3;13.6;0.0;25441;358;47;1;0
26/12/2010 00:00;;33.1;10.0;41.0;8.2;13.6;0.04;25442;359;48;2;0
26/12/2010 00:30;;33.1;10.0;41.0;8.2;13.6;0.04;25443;359;1;2;0
26/12/2010 01:00;;33.1;10.0;41.0;8.2;13.6;0.04;25444;359;2;2;0
26/12/2010 01:30;;33.1;10.0;41.0;8.2;13.6;0.04;25445;359;3;2;0
26/12/2010 02:00;;33.1;10.0;41.0;8.2;13.6;0.04;25446;359;4;2;0
26/12/2010 02:30;;33.1;10.0;41.0;8.2;13.6;0.04;25447;359;5;2;0
26/12/2010 03:00;;33.1;10.0;41.0;8.2;13.6;0.04;25448;359;6;2;0
26/12/2010 03:30;;33.1;10.0;41.0;8.2;13.6;0.04;25449;359;7;2;0
26/12/2010 04:00;;33.1;10.0;41.0;8.2;13.6;0.04;25450;359;8;2;0
26/12/2010 04:30;;33.1;10.0;41.0;8.2;13.6;0.04;25451;359;9;2;0
26/12/2010 05:00;;33.1;10.0;41.0;8.2;13.6;0.04;25452;359;10;2;0
26/12/2010 05:30;;33.1;10.0;41.0;8.2;13.6;0.04;25453;359;11;2;0
26/12/2010 06:00;;33.1;10.0;41.0;8.2;13.6;0.04;25454;359;12;2;0
26/12/2010 06:30;;33.1;10.0;41.0;8.2;13.6;0.04;25455;359;13;2;0
26/12/2010 07:00;;33.1;10.0;41.0;8.2;13.6;0.04;25456;359;14;2;0
26/12/2010 07:30;;33.1;10.0;41.0;8.2;13.6;0.04;25457;359;15;2;0
26/12/2010 08:00;;33.1;10.0;41.0;8.2;13.6;0.04;25458;359;16;2;0
26/12/2010 08:30;;33.1;10.0;41.0;8.2;13.6;0.04;25459;359;17;2;1
26/12/2010 09:00;;33.1;10.0;41.0;8.2;13.6;0.04;25460;359;18;2;1
26/12/2010 09:30;;33.1;10.0;41.0;8.2;13.6;0.04;25461;359;19;2;1
26/12/2010 10:00;;33.1;10.0;41.0;8.2;13.6;0.04;25462;359;20;2;1
26/12/2010 10:30;;33.1;10.0;41.0;8.2;13.6;0.04;25463;359;21;2;1
26/12/2010 11:00;;33.1;10.0;41.0;8.2;13.6;0.04;25464;359;22;2;1
26/12/2010 11:30;;33.1;10.0;41.0;8.2;13.6;0.04;25465;359;23;2;1
26/12/2010 12:00;;33.1;10.0;41.0;8.2;13.6;0.04;25466;359;24;2;1
26/12/2010 12:30;;33.1;10.0;41.0;8.2;13.6;0.04;25467;359;25;2;1
26/12/2010 13:00;;33.1;10.0;41.0;8.2;13.6;0.04;25468;359;26;2;1
26/12/2010 13:30;;33.1;10.0;41.0;8.2;13.6;0.04;25469;359;27;2;1
26/12/2010 14:00;;33.1;10.0;41.0;8.2;13.6;0.04;25470;359;28;2;1
26/12/2010 14:30;;33.1;10.0;41.0;8.2;13.6;0.04;25471;359;29;2;1
26/12/2010 15:00;;33.1;10.0;41.0;8.2;13.6;0.04;25472;359;30;2;1
26/12/2010 15:30;;33.1;10.0;41.0;8.2;13.6;0.04;25473;359;31;2;1
26/12/2010 16:00;;33.1;10.0;41.0;8.2;13.6;0.04;25474;359;32;2;1
26/12/2010 16:30;;33.1;10.0;41.0;8.2;13.6;0.04;25475;359;33;2;0
26/12/2010 17:00;;33.1;10.0;41.0;8.2;13.6;0.04;25476;359;34;2;0
26/12/2010 17:30;;33.1;10.0;41.0;8.2;13.6;0.04;25477;359;35;2;0
26/12/2010 18:00;;33.1;10.0;41.0;8.2;13.6;0.04;25478;359;36;2;0
26/12/2010 18:30;;33.1;10.0;41.0;8.2;13.6;0.04;25479;359;37;2;0
26/12/2010 19:00;;33.1;10.0;41.0;8.2;13.6;0.04;25480;359;38;2;0
26/12/2010 19:30;;33.1;10.0;41.0;8.2;13.6;0.04;25481;359;39;2;0
26/12/2010 20:00;;33.1;10.0;41.0;8.2;13.6;0.04;25482;359;40;2;0
26/12/2010 20:30;;33.1;10.0;41.0;8.2;13.6;0.04;25483;359;41;2;0
26/12/2010 21:00;;33.1;10.0;41.0;8.2;13.6;0.04;25484;359;42;2;0
26/12/2010 21:30;;33.1;10.0;41.0;8.2;13.6;0.04;25485;359;43;2;0
26/12/2010 22:00;;33.1;10.0;41.0;8.2;13.6;0.04;25486;359;44;2;0
26/12/2010 22:30;;33.1;10.0;41.0;8.2;13.6;0.04;25487;359;45;2;0
26/12/2010 23:00;;33.1;10.0;41.0;8.2;13.6;0.04;25488;359;46;2;0
26/12/2010 23:30;;33.1;10.0;41.0;8.2;13.6;0.04;25489;359;47;2;0
27/12/2010 00:00;;44.1;38.3;48.2;12.3;21.4;0.28;25490;360;48;3;0
27/12/2010 00:30;;44.1;38.3;48.2;12.3;21.4;0.28;25491;360;1;3;0
27/12/2010 01:00;;44.1;38.3;48.2;12.3;21.4;0.28;25492;360;2;3;0
27/12/2010 01:30;;44.1;38.3;48.2;12.3;21.4;0.28;25493;360;3;3;0
27/12/2010 02:00;;44.1;38.3;48.2;12.3;21.4;0.28;25494;360;4;3;0
27/12/2010 02:30;;44.1;38.3;48.2;12.3;21.4;0.28;25495;360;5;3;0
27/12/2010 03:00;;44.1;38.3;48.2;12.3;21.4;0.28;25496;360;6;3;0
27/12/2010 03:30;;44.1;38.3;48.2;12.3;21.4;0.28;25497;360;7;3;0
27/12/2010 04:00;;44.1;38.3;48.2;12.3;21.4;0.28;25498;360;8;3;0
27/12/2010 04:30;;44.1;38.3;48.2;12.3;21.4;0.28;25499;360;9;3;0
27/12/2010 05:00;;44.1;38.3;48.2;12.3;21.4;0.28;25500;360;10;3;0
27/12/2010 05:30;;44.1;38.3;48.2;12.3;21.4;0.28;25501;360;11;3;0
27/12/2010 06:00;;44.1;38.3;48.2;12.3;21.4;0.28;25502;360;12;3;0
27/12/2010 06:30;;44.1;38.3;48.2;12.3;21.4;0.28;25503;360;13;3;0
27/12/2010 07:00;;44.1;38.3;48.2;12.3;21.4;0.28;25504;360;14;3;0
27/12/2010 07:30;;44.1;38.3;48.2;12.3;21.4;0.28;25505;360;15;3;0
27/12/2010 08:00;;44.1;38.3;48.2;12.3;21.4;0.28;25506;360;16;3;0
27/12/2010 08:30;;44.1;38.3;48.2;12.3;21.4;0.28;25507;360;17;3;1
27/12/2010 09:00;;44.1;38.3;48.2;12.3;21.4;0.28;25508;360;18;3;1
27/12/2010 09:30;;44.1;38.3;48.2;12.3;21.4;0.28;25509;360;19;3;1
27/12/2010 10:00;;44.1;38.3;48.2;12.3;21.4;0.28;25510;360;20;3;1
27/12/2010 10:30;;44.1;38.3;48.2;12.3;21.4;0.28;25511;360;21;3;1
27/12/2010 11:00;;44.1;38.3;48.2;12.3;21.4;0.28;25512;360;22;3;1
27/12/2010 11:30;;44.1;38.3;48.2;12.3;21.4;0.28;25513;360;23;3;1
27/12/2010 12:00;;44.1;38.3;48.2;12.3;21.4;0.28;25514;360;24;3;1
27/12/2010 12:30;;44.1;38.3;48.2;12.3;21.4;0.28;25515;360;25;3;1
27/12/2010 13:00;;44.1;38.3;48.2;12.3;21.4;0.28;25516;360;26;3;1
27/12/2010 13:30;;44.1;38.3;48.2;12.3;21.4;0.28;25517;360;27;3;1
27/12/2010 14:00;;44.1;38.3;48.2;12.3;21.4;0.28;25518;360;28;3;1
27/12/2010 14:30;;44.1;38.3;48.2;12.3;21.4;0.28;25519;360;29;3;1
27/12/2010 15:00;;44.1;38.3;48.2;12.3;21.4;0.28;25520;360;30;3;1
27/12/2010 15:30;;44.1;38.3;48.2;12.3;21.4;0.28;25521;360;31;3;1
27/12/2010 16:00;;44.1;38.3;48.2;12.3;21.4;0.28;25522;360;32;3;1
27/12/2010 16:30;;44.1;38.3;48.2;12.3;21.4;0.28;25523;360;33;3;0
27/12/2010 17:00;;44.1;38.3;48.2;12.3;21.4;0.28;25524;360;34;3;0
27/12/2010 17:30;;44.1;38.3;48.2;12.3;21.4;0.28;25525;360;35;3;0
27/12/2010 18:00;;44.1;38.3;48.2;12.3;21.4;0.28;25526;360;36;3;0
27/12/2010 18:30;;44.1;38.3;48.2;12.3;21.4;0.28;25527;360;37;3;0
27/12/2010 19:00;;44.1;38.3;48.2;12.3;21.4;0.28;25528;360;38;3;0
27/12/2010 19:30;;44.1;38.3;48.2;12.3;21.4;0.28;25529;360;39;3;0
27/12/2010 20:00;;44.1;38.3;48.2;12.3;21.4;0.28;25530;360;40;3;0
27/12/2010 20:30;;44.1;38.3;48.2;12.3;21.4;0.28;25531;360;41;3;0
27/12/2010 21:00;;44.1;38.3;48.2;12.3;21.4;0.28;25532;360;42;3;0
27/12/2010 21:30;;44.1;38.3;48.2;12.3;21.4;0.28;25533;360;43;3;0
27/12/2010 22:00;;44.1;38.3;48.2;12.3;21.4;0.28;25534;360;44;3;0
27/12/2010 22:30;;44.1;38.3;48.2;12.3;21.4;0.28;25535;360;45;3;0
27/12/2010 23:00;;44.1;38.3;48.2;12.3;21.4;0.28;25536;360;46;3;0
27/12/2010 23:30;;44.1;38.3;48.2;12.3;21.4;0.28;25537;360;47;3;0
28/12/2010 00:00;;45.5;38.8;53.6;6.0;17.5;0.24;25538;361;48;4;0
28/12/2010 00:30;;45.5;38.8;53.6;6.0;17.5;0.24;25539;361;1;4;0
28/12/2010 01:00;;45.5;38.8;53.6;6.0;17.5;0.24;25540;361;2;4;0
28/12/2010 01:30;;45.5;38.8;53.6;6.0;17.5;0.24;25541;361;3;4;0
28/12/2010 02:00;;45.5;38.8;53.6;6.0;17.5;0.24;25542;361;4;4;0
28/12/2010 02:30;;45.5;38.8;53.6;6.0;17.5;0.24;25543;361;5;4;0
28/12/2010 03:00;;45.5;38.8;53.6;6.0;17.5;0.24;25544;361;6;4;0
28/12/2010 03:30;;45.5;38.8;53.6;6.0;17.5;0.24;25545;361;7;4;0
28/12/2010 04:00;;45.5;38.8;53.6;6.0;17.5;0.24;25546;361;8;4;0
28/12/2010 04:30;;45.5;38.8;53.6;6.0;17.5;0.24;25547;361;9;4;0
28/12/2010 05:00;;45.5;38.8;53.6;6.0;17.5;0.24;25548;361;10;4;0
28/12/2010 05:30;;45.5;38.8;53.6;6.0;17.5;0.24;25549;361;11;4;0
28/12/2010 06:00;;45.5;38.8;53.6;6.0;17.5;0.24;25550;361;12;4;0
28/12/2010 06:30;;45.5;38.8;53.6;6.0;17.5;0.24;25551;361;13;4;0
28/12/2010 07:00;;45.5;38.8;53.6;6.0;17.5;0.24;25552;361;14;4;0
28/12/2010 07:30;;45.5;38.8;53.6;6.0;17.5;0.24;25553;361;15;4;0
28/12/2010 08:00;;45.5;38.8;53.6;6.0;17.5;0.24;25554;361;16;4;0
28/12/2010 08:30;;45.5;38.8;53.6;6.0;17.5;0.24;25555;361;17;4;1
28/12/2010 09:00;;45.5;38.8;53.6;6.0;17.5;0.24;25556;361;18;4;1
28/12/2010 09:30;;45.5;38.8;53.6;6.0;17.5;0.24;25557;361;19;4;1
28/12/2010 10:00;;45.5;38.8;53.6;6.0;17.5;0.24;25558;361;20;4;1
28/12/2010 10:30;;45.5;38.8;53.6;6.0;17.5;0.24;25559;361;21;4;1
28/12/2010 11:00;;45.5;38.8;53.6;6.0;17.5;0.24;25560;361;22;4;1
28/12/2010 11:30;;45.5;38.8;53.6;6.0;17.5;0.24;25561;361;23;4;1
28/12/2010 12:00;;45.5;38.8;53.6;6.0;17.5;0.24;25562;361;24;4;1
28/12/2010 12:30;;45.5;38.8;53.6;6.0;17.5;0.24;25563;361;25;4;1
28/12/2010 13:00;;45.5;38.8;53.6;6.0;17.5;0.24;25564;361;26;4;1
28/12/2010 13:30;;45.5;38.8;53.6;6.0;17.5;0.24;25565;361;27;4;1
28/12/2010 14:00;;45.5;38.8;53.6;6.0;17.5;0.24;25566;361;28;4;1
28/12/2010 14:30;;45.5;38.8;53.6;6.0;17.5;0.24;25567;361;29;4;1
28/12/2010 15:00;;45.5;38.8;53.6;6.0;17.5;0.24;25568;361;30;4;1
28/12/2010 15:30;;45.5;38.8;53.6;6.0;17.5;0.24;25569;361;31;4;1
28/12/2010 16:00;;45.5;38.8;53.6;6.0;17.5;0.24;25570;361;32;4;1
28/12/2010 16:30;;45.5;38.8;53.6;6.0;17.5;0.24;25571;361;33;4;0
28/12/2010 17:00;;45.5;38.8;53.6;6.0;17.5;0.24;25572;361;34;4;0
28/12/2010 17:30;;45.5;38.8;53.6;6.0;17.5;0.24;25573;361;35;4;0
28/12/2010 18:00;;45.5;38.8;53.6;6.0;17.5;0.24;25574;361;36;4;0
28/12/2010 18:30;;45.5;38.8;53.6;6.0;17.5;0.24;25575;361;37;4;0
28/12/2010 19:00;;45.5;38.8;53.6;6.0;17.5;0.24;25576;361;38;4;0
28/12/2010 19:30;;45.5;38.8;53.6;6.0;17.5;0.24;25577;361;39;4;0
28/12/2010 20:00;;45.5;38.8;53.6;6.0;17.5;0.24;25578;361;40;4;0
28/12/2010 20:30;;45.5;38.8;53.6;6.0;17.5;0.24;25579;361;41;4;0
28/12/2010 21:00;;45.5;38.8;53.6;6.0;17.5;0.24;25580;361;42;4;0
28/12/2010 21:30;;45.5;38.8;53.6;6.0;17.5;0.24;25581;361;43;4;0
28/12/2010 22:00;;45.5;38.8;53.6;6.0;17.5;0.24;25582;361;44;4;0
28/12/2010 22:30;;45.5;38.8;53.6;6.0;17.5;0.24;25583;361;45;4;0
28/12/2010 23:00;;45.5;38.8;53.6;6.0;17.5;0.24;25584;361;46;4;0
28/12/2010 23:30;;45.5;38.8;53.6;6.0;17.5;0.24;25585;361;47;4;0
29/12/2010 00:00;;45.4;38.5;50.0;5.1;8.0;0.0;25586;362;48;5;0
29/12/2010 00:30;;45.4;38.5;50.0;5.1;8.0;0.0;25587;362;1;5;0
29/12/2010 01:00;;45.4;38.5;50.0;5.1;8.0;0.0;25588;362;2;5;0
29/12/2010 01:30;;45.4;38.5;50.0;5.1;8.0;0.0;25589;362;3;5;0
29/12/2010 02:00;;45.4;38.5;50.0;5.1;8.0;0.0;25590;362;4;5;0
29/12/2010 02:30;;45.4;38.5;50.0;5.1;8.0;0.0;25591;362;5;5;0
29/12/2010 03:00;;45.4;38.5;50.0;5.1;8.0;0.0;25592;362;6;5;0
29/12/2010 03:30;;45.4;38.5;50.0;5.1;8.0;0.0;25593;362;7;5;0
29/12/2010 04:00;;45.4;38.5;50.0;5.1;8.0;0.0;25594;362;8;5;0
29/12/2010 04:30;;45.4;38.5;50.0;5.1;8.0;0.0;25595;362;9;5;0
29/12/2010 05:00;;45.4;38.5;50.0;5.1;8.0;0.0;25596;362;10;5;0
29/12/2010 05:30;;45.4;38.5;50.0;5.1;8.0;0.0;25597;362;11;5;0
29/12/2010 06:00;;45.4;38.5;50.0;5.1;8.0;0.0;25598;362;12;5;0
29/12/2010 06:30;;45.4;38.5;50.0;5.1;8.0;0.0;25599;362;13;5;0
29/12/2010 07:00;;45.4;38.5;50.0;5.1;8.0;0.0;25600;362;14;5;0
29/12/2010 07:30;;45.4;38.5;50.0;5.1;8.0;0.0;25601;362;15;5;0
29/12/2010 08:00;;45.4;38.5;50.0;5.1;8.0;0.0;25602;362;16;5;0
29/12/2010 08:30;;45.4;38.5;50.0;5.1;8.0;0.0;25603;362;17;5;1
29/12/2010 09:00;;45.4;38.5;50.0;5.1;8.0;0.0;25604;362;18;5;1
29/12/2010 09:30;;45.4;38.5;50.0;5.1;8.0;0.0;25605;362;19;5;1
29/12/2010 10:00;;45.4;38.5;50.0;5.1;8.0;0.0;25606;362;20;5;1
29/12/2010 10:30;;45.4;38.5;50.0;5.1;8.0;0.0;25607;362;21;5;1
29/12/2010 11:00;;45.4;38.5;50.0;5.1;8.0;0.0;25608;362;22;5;1
29/12/2010 11:30;;45.4;38.5;50.0;5.1;8.0;0.0;25609;362;23;5;1
29/12/2010 12:00;;45.4;38.5;50.0;5.1;8.0;0.0;25610;362;24;5;1
29/12/2010 12:30;;45.4;38.5;50.0;5.1;8.0;0.0;25611;362;25;5;1
29/12/2010 13:00;;45.4;38.5;50.0;5.1;8.0;0.0;25612;362;26;5;1
29/12/2010 13:30;;45.4;38.5;50.0;5.1;8.0;0.0;25613;362;27;5;1
29/12/2010 14:00;;45.4;38.5;50.0;5.1;8.0;0.0;25614;362;28;5;1
29/12/2010 14:30;;45.4;38.5;50.0;5.1;8.0;0.0;25615;362;29;5;1
29/12/2010 15:00;;45.4;38.5;50.0;5.1;8.0;0.0;25616;362;30;5;1
29/12/2010 15:30;;45.4;38.5;50.0;5.1;8.0;0.0;25617;362;31;5;1
29/12/2010 16:00;;45.4;38.5;50.0;5.1;8.0;0.0;25618;362;32;5;1
29/12/2010 16:30;;45.4;38.5;50.0;5.1;8.0;0.0;25619;362;33;5;0
29/12/2010 17:00;;45.4;38.5;50.0;5.1;8.0;0.0;25620;362;34;5;0
29/12/2010 17:30;;45.4;38.5;50.0;5.1;8.0;0.0;25621;362;35;5;0
29/12/2010 18:00;;45.4;38.5;50.0;5.1;8.0;0.0;25622;362;36;5;0
29/12/2010 18:30;;45.4;38.5;50.0;5.1;8.0;0.0;25623;362;37;5;0
29/12/2010 19:00;;45.4;38.5;50.0;5.1;8.0;0.0;25624;362;38;5;0
29/12/2010 19:30;;45.4;38.5;50.0;5.1;8.0;0.0;25625;362;39;5;0
29/12/2010 20:00;;45.4;38.5;50.0;5.1;8.0;0.0;25626;362;40;5;0
29/12/2010 20:30;;45.4;38.5;50.0;5.1;8.0;0.0;25627;362;41;5;0
29/12/2010 21:00;;45.4;38.5;50.0;5.1;8.0;0.0;25628;362;42;5;0
29/12/2010 21:30;;45.4;38.5;50.0;5.1;8.0;0.0;25629;362;43;5;0
29/12/2010 22:00;;45.4;38.5;50.0;5.1;8.0;0.0;25630;362;44;5;0
29/12/2010 22:30;;45.4;38.5;50.0;5.1;8.0;0.0;25631;362;45;5;0
29/12/2010 23:00;;45.4;38.5;50.0;5.1;8.0;0.0;25632;362;46;5;0
29/12/2010 23:30;;45.4;38.5;50.0;5.1;8.0;0.0;25633;362;47;5;0
30/12/2010 00:00;;46.0;38.3;47.5;5.3;11.1;0.02;25634;363;48;6;0
30/12/2010 00:30;;46.0;38.3;47.5;5.3;11.1;0.02;25635;363;1;6;0
30/12/2010 01:00;;46.0;38.3;47.5;5.3;11.1;0.02;25636;363;2;6;0
30/12/2010 01:30;;46.0;38.3;47.5;5.3;11.1;0.02;25637;363;3;6;0
30/12/2010 02:00;;46.0;38.3;47.5;5.3;11.1;0.02;25638;363;4;6;0
30/12/2010 02:30;;46.0;38.3;47.5;5.3;11.1;0.02;25639;363;5;6;0
30/12/2010 03:00;;46.0;38.3;47.5;5.3;11.1;0.02;25640;363;6;6;0
30/12/2010 03:30;;46.0;38.3;47.5;5.3;11.1;0.02;25641;363;7;6;0
30/12/2010 04:00;;46.0;38.3;47.5;5.3;11.1;0.02;25642;363;8;6;0
30/12/2010 04:30;;46.0;38.3;47.5;5.3;11.1;0.02;25643;363;9;6;0
30/12/2010 05:00;;46.0;38.3;47.5;5.3;11.1;0.02;25644;363;10;6;0
30/12/2010 05:30;;46.0;38.3;47.5;5.3;11.1;0.02;25645;363;11;6;0
30/12/2010 06:00;;46.0;38.3;47.5;5.3;11.1;0.02;25646;363;12;6;0
30/12/2010 06:30;;46.0;38.3;47.5;5.3;11.1;0.02;25647;363;13;6;0
30/12/2010 07:00;;46.0;38.3;47.5;5.3;11.1;0.02;25648;363;14;6;0
30/12/2010 07:30;;46.0;38.3;47.5;5.3;11.1;0.02;25649;363;15;6;0
30/12/2010 08:00;;46.0;38.3;47.5;5.3;11.1;0.02;25650;363;16;6;0
30/12/2010 08:30;;46.0;38.3;47.5;5.3;11.1;0.02;25651;363;17;6;1
30/12/2010 09:00;;46.0;38.3;47.5;5.3;11.1;0.02;25652;363;18;6;1
30/12/2010 09:30;;46.0;38.3;47.5;5.3;11.1;0.02;25653;363;19;6;1
30/12/2010 10:00;;46.0;38.3;47.5;5.3;11.1;0.02;25654;363;20;6;1
30/12/2010 10:30;;46.0;38.3;47.5;5.3;11.1;0.02;25655;363;21;6;1
30/12/2010 11:00;;46.0;38.3;47.5;5.3;11.1;0.02;25656;363;22;6;1
30/12/2010 11:30;;46.0;38.3;47.5;5.3;11.1;0.02;25657;363;23;6;1
30/12/2010 12:00;;46.0;38.3;47.5;5.3;11.1;0.02;25658;363;24;6;1
30/12/2010 12:30;;46.0;38.3;47.5;5.3;11.1;0.02;25659;363;25;6;1
30/12/2010 13:00;;46.0;38.3;47.5;5.3;11.1;0.02;25660;363;26;6;1
30/12/2010 13:30;;46.0;38.3;47.5;5.3;11.1;0.02;25661;363;27;6;1
30/12/2010 14:00;;46.0;38.3;47.5;5.3;11.1;0.02;25662;363;28;6;1
30/12/2010 14:30;;46.0;38.3;47.5;5.3;11.1;0.02;25663;363;29;6;1
30/12/2010 15:00;;46.0;38.3;47.5;5.3;11.1;0.02;25664;363;30;6;1
30/12/2010 15:30;;46.0;38.3;47.5;5.3;11.1;0.02;25665;363;31;6;1
30/12/2010 16:00;;46.0;38.3;47.5;5.3;11.1;0.02;25666;363;32;6;1
30/12/2010 16:30;;46.0;38.3;47.5;5.3;11.1;0.02;25667;363;33;6;0
30/12/2010 17:00;;46.0;38.3;47.5;5.3;11.1;0.02;25668;363;34;6;0
30/12/2010 17:30;;46.0;38.3;47.5;5.3;11.1;0.02;25669;363;35;6;0
30/12/2010 18:00;;46.0;38.3;47.5;5.3;11.1;0.02;25670;363;36;6;0
30/12/2010 18:30;;46.0;38.3;47.5;5.3;11.1;0.02;25671;363;37;6;0
30/12/2010 19:00;;46.0;38.3;47.5;5.3;11.1;0.02;25672;363;38;6;0
30/12/2010 19:30;;46.0;38.3;47.5;5.3;11.1;0.02;25673;363;39;6;0
30/12/2010 20:00;;46.0;38.3;47.5;5.3;11.1;0.02;25674;363;40;6;0
30/12/2010 20:30;;46.0;38.3;47.5;5.3;11.1;0.02;25675;363;41;6;0
30/12/2010 21:00;;46.0;38.3;47.5;5.3;11.1;0.02;25676;363;42;6;0
30/12/2010 21:30;;46.0;38.3;47.5;5.3;11.1;0.02;25677;363;43;6;0
30/12/2010 22:00;;46.0;38.3;47.5;5.3;11.1;0.02;25678;363;44;6;0
30/12/2010 22:30;;46.0;38.3;47.5;5.3;11.1;0.02;25679;363;45;6;0
30/12/2010 23:00;;46.0;38.3;47.5;5.3;11.1;0.02;25680;363;46;6;0
30/12/2010 23:30;;46.0;38.3;47.5;5.3;11.1;0.02;25681;363;47;6;0
31/12/2010 00:00;;44.0;41.0;46.4;3.5;7.0;0.0;25682;364;48;0;0
31/12/2010 00:30;;44.0;41.0;46.4;3.5;7.0;0.0;25683;364;1;0;0
31/12/2010 01:00;;44.0;41.0;46.4;3.5;7.0;0.0;25684;364;2;0;0
31/12/2010 01:30;;44.0;41.0;46.4;3.5;7.0;0.0;25685;364;3;0;0
31/12/2010 02:00;;44.0;41.0;46.4;3.5;7.0;0.0;25686;364;4;0;0
31/12/2010 02:30;;44.0;41.0;46.4;3.5;7.0;0.0;25687;364;5;0;0
31/12/2010 03:00;;44.0;41.0;46.4;3.5;7.0;0.0;25688;364;6;0;0
31/12/2010 03:30;;44.0;41.0;46.4;3.5;7.0;0.0;25689;364;7;0;0
31/12/2010 04:00;;44.0;41.0;46.4;3.5;7.0;0.0;25690;364;8;0;0
31/12/2010 04:30;;44.0;41.0;46.4;3.5;7.0;0.0;25691;364;9;0;0
31/12/2010 05:00;;44.0;41.0;46.4;3.5;7.0;0.0;25692;364;10;0;0
31/12/2010 05:30;;44.0;41.0;46.4;3.5;7.0;0.0;25693;364;11;0;0
31/12/2010 06:00;;44.0;41.0;46.4;3.5;7.0;0.0;25694;364;12;0;0
31/12/2010 06:30;;44.0;41.0;46.4;3.5;7.0;0.0;25695;364;13;0;0
31/12/2010 07:00;;44.0;41.0;46.4;3.5;7.0;0.0;25696;364;14;0;0
31/12/2010 07:30;;44.0;41.0;46.4;3.5;7.0;0.0;25697;364;15;0;0
31/12/2010 08:00;;44.0;41.0;46.4;3.5;7.0;0.0;25698;364;16;0;0
31/12/2010 08:30;;44.0;41.0;46.4;3.5;7.0;0.0;25699;364;17;0;1
31/12/2010 09:00;;44.0;41.0;46.4;3.5;7.0;0.0;25700;364;18;0;1
31/12/2010 09:30;;44.0;41.0;46.4;3.5;7.0;0.0;25701;364;19;0;1
31/12/2010 10:00;;44.0;41.0;46.4;3.5;7.0;0.0;25702;364;20;0;1
31/12/2010 10:30;;44.0;41.0;46.4;3.5;7.0;0.0;25703;364;21;0;1
31/12/2010 11:00;;44.0;41.0;46.4;3.5;7.0;0.0;25704;364;22;0;1
31/12/2010 11:30;;44.0;41.0;46.4;3.5;7.0;0.0;25705;364;23;0;1
31/12/2010 12:00;;44.0;41.0;46.4;3.5;7.0;0.0;25706;364;24;0;1
31/12/2010 12:30;;44.0;41.0;46.4;3.5;7.0;0.0;25707;364;25;0;1
31/12/2010 13:00;;44.0;41.0;46.4;3.5;7.0;0.0;25708;364;26;0;1
31/12/2010 13:30;;44.0;41.0;46.4;3.5;7.0;0.0;25709;364;27;0;1
31/12/2010 14:00;;44.0;41.0;46.4;3.5;7.0;0.0;25710;364;28;0;1
31/12/2010 14:30;;44.0;41.0;46.4;3.5;7.0;0.0;25711;364;29;0;1
31/12/2010 15:00;;44.0;41.0;46.4;3.5;7.0;0.0;25712;364;30;0;1
31/12/2010 15:30;;44.0;41.0;46.4;3.5;7.0;0.0;25713;364;31;0;1
31/12/2010 16:00;;44.0;41.0;46.4;3.5;7.0;0.0;25714;364;32;0;1
31/12/2010 16:30;;44.0;41.0;46.4;3.5;7.0;0.0;25715;364;33;0;0
31/12/2010 17:00;;44.0;41.0;46.4;3.5;7.0;0.0;25716;364;34;0;0
31/12/2010 17:30;;44.0;41.0;46.4;3.5;7.0;0.0;25717;364;35;0;0
31/12/2010 18:00;;44.0;41.0;46.4;3.5;7.0;0.0;25718;364;36;0;0
31/12/2010 18:30;;44.0;41.0;46.4;3.5;7.0;0.0;25719;364;37;0;0
31/12/2010 19:00;;44.0;41.0;46.4;3.5;7.0;0.0;25720;364;38;0;0
31/12/2010 19:30;;44.0;41.0;46.4;3.5;7.0;0.0;25721;364;39;0;0
31/12/2010 20:00;;44.0;41.0;46.4;3.5;7.0;0.0;25722;364;40;0;0
31/12/2010 20:30;;44.0;41.0;46.4;3.5;7.0;0.0;25723;364;41;0;0
31/12/2010 21:00;;44.0;41.0;46.4;3.5;7.0;0.0;25724;364;42;0;0
31/12/2010 21:30;;44.0;41.0;46.4;3.5;7.0;0.0;25725;364;43;0;0
31/12/2010 22:00;;44.0;41.0;46.4;3.5;7.0;0.0;25726;364;44;0;0
31/12/2010 22:30;;44.0;41.0;46.4;3.5;7.0;0.0;25727;364;45;0;0
31/12/2010 23:00;;44.0;41.0;46.4;3.5;7.0;0.0;25728;364;46;0;0
31/12/2010 23:30;;44.0;41.0;46.4;3.5;7.0;0.0;25729;364;47;0;0
