Date,mean,TempMean,TempMin,TempMax,WindSpeed,WindSpeedMaxS,WindSpeedMaxG,Precip,Time,Posan,Instant
2010-12-15 00:00:00,,38.5,34.0,41.0,8.0,15.9,999.9,0.0,24914,348,48
2010-12-15 00:30:00,,38.5,34.0,41.0,8.0,15.9,999.9,0.0,24915,348,1
2010-12-15 01:00:00,,38.5,34.0,41.0,8.0,15.9,999.9,0.0,24916,348,2
2010-12-15 01:30:00,,38.5,34.0,41.0,8.0,15.9,999.9,0.0,24917,348,3
2010-12-15 02:00:00,,38.5,34.0,41.0,8.0,15.9,999.9,0.0,24918,348,4
2010-12-15 02:30:00,,38.5,34.0,41.0,8.0,15.9,999.9,0.0,24919,348,5
2010-12-15 03:00:00,,38.5,34.0,41.0,8.0,15.9,999.9,0.0,24920,348,6
2010-12-15 03:30:00,,38.5,34.0,41.0,8.0,15.9,999.9,0.0,24921,348,7
2010-12-15 04:00:00,,38.5,34.0,41.0,8.0,15.9,999.9,0.0,24922,348,8
2010-12-15 04:30:00,,38.5,34.0,41.0,8.0,15.9,999.9,0.0,24923,348,9
2010-12-15 05:00:00,,38.5,34.0,41.0,8.0,15.9,999.9,0.0,24924,348,10
2010-12-15 05:30:00,,38.5,34.0,41.0,8.0,15.9,999.9,0.0,24925,348,11
2010-12-15 06:00:00,,38.5,34.0,41.0,8.0,15.9,999.9,0.0,24926,348,12
2010-12-15 06:30:00,,38.5,34.0,41.0,8.0,15.9,999.9,0.0,24927,348,13
2010-12-15 07:00:00,,38.5,34.0,41.0,8.0,15.9,999.9,0.0,24928,348,14
2010-12-15 07:30:00,,38.5,34.0,41.0,8.0,15.9,999.9,0.0,24929,348,15
2010-12-15 08:00:00,,38.5,34.0,41.0,8.0,15.9,999.9,0.0,24930,348,16
2010-12-15 08:30:00,,38.5,34.0,41.0,8.0,15.9,999.9,0.0,24931,348,17
2010-12-15 09:00:00,,38.5,34.0,41.0,8.0,15.9,999.9,0.0,24932,348,18
2010-12-15 09:30:00,,38.5,34.0,41.0,8.0,15.9,999.9,0.0,24933,348,19
2010-12-15 10:00:00,,38.5,34.0,41.0,8.0,15.9,999.9,0.0,24934,348,20
2010-12-15 10:30:00,,38.5,34.0,41.0,8.0,15.9,999.9,0.0,24935,348,21
2010-12-15 11:00:00,,38.5,34.0,41.0,8.0,15.9,999.9,0.0,24936,348,22
2010-12-15 11:30:00,,38.5,34.0,41.0,8.0,15.9,999.9,0.0,24937,348,23
2010-12-15 12:00:00,,38.5,34.0,41.0,8.0,15.9,999.9,0.0,24938,348,24
2010-12-15 12:30:00,,38.5,34.0,41.0,8.0,15.9,999.9,0.0,24939,348,25
2010-12-15 13:00:00,,38.5,34.0,41.0,8.0,15.9,999.9,0.0,24940,348,26
2010-12-15 13:30:00,,38.5,34.0,41.0,8.0,15.9,999.9,0.0,24941,348,27
2010-12-15 14:00:00,,38.5,34.0,41.0,8.0,15.9,999.9,0.0,24942,348,28
2010-12-15 14:30:00,,38.5,34.0,41.0,8.0,15.9,999.9,0.0,24943,348,29
2010-12-15 15:00:00,,38.5,34.0,41.0,8.0,15.9,999.9,0.0,24944,348,30
2010-12-15 15:30:00,,38.5,34.0,41.0,8.0,15.9,999.9,0.0,24945,348,31
2010-12-15 16:00:00,,38.5,34.0,41.0,8.0,15.9,999.9,0.0,24946,348,32
2010-12-15 16:30:00,,38.5,34.0,41.0,8.0,15.9,999.9,0.0,24947,348,33
2010-12-15 17:00:00,,38.5,34.0,41.0,8.0,15.9,999.9,0.0,24948,348,34
2010-12-15 17:30:00,,38.5,34.0,41.0,8.0,15.9,999.9,0.0,24949,348,35
2010-12-15 18:00:00,,38.5,34.0,41.0,8.0,15.9,999.9,0.0,24950,348,36
2010-12-15 18:30:00,,38.5,34.0,41.0,8.0,15.9,999.9,0.0,24951,348,37
2010-12-15 19:00:00,,38.5,34.0,41.0,8.0,15.9,999.9,0.0,24952,348,38
2010-12-15 19:30:00,,38.5,34.0,41.0,8.0,15.9,999.9,0.0,24953,348,39
2010-12-15 20:00:00,,38.5,34.0,41.0,8.0,15.9,999.9,0.0,24954,348,40
2010-12-15 20:30:00,,38.5,34.0,41.0,8.0,15.9,999.9,0.0,24955,348,41
2010-12-15 21:00:00,,38.5,34.0,41.0,8.0,15.9,999.9,0.0,24956,348,42
2010-12-15 21:30:00,,38.5,34.0,41.0,8.0,15.9,999.9,0.0,24957,348,43
2010-12-15 22:00:00,,38.5,34.0,41.0,8.0,15.9,999.9,0.0,24958,348,44
2010-12-15 22:30:00,,38.5,34.0,41.0,8.0,15.9,999.9,0.0,24959,348,45
2010-12-15 23:00:00,,38.5,34.0,41.0,8.0,15.9,999.9,0.0,24960,348,46
2010-12-15 23:30:00,,38.5,34.0,41.0,8.0,15.9,999.9,0.0,24961,348,47
2010-12-16 00:00:00,,37.9,28.4,45.1,16.1,25.3,32.1,0.08,24962,349,48
2010-12-16 00:30:00,,37.9,28.4,45.1,16.1,25.3,32.1,0.08,24963,349,1
2010-12-16 01:00:00,,37.9,28.4,45.1,16.1,25.3,32.1,0.08,24964,349,2
2010-12-16 01:30:00,,37.9,28.4,45.1,16.1,25.3,32.1,0.08,24965,349,3
2010-12-16 02:00:00,,37.9,28.4,45.1,16.1,25.3,32.1,0.08,24966,349,4
2010-12-16 02:30:00,,37.9,28.4,45.1,16.1,25.3,32.1,0.08,24967,349,5
2010-12-16 03:00:00,,37.9,28.4,45.1,16.1,25.3,32.1,0.08,24968,349,6
2010-12-16 03:30:00,,37.9,28.4,45.1,16.1,25.3,32.1,0.08,24969,349,7
2010-12-16 04:00:00,,37.9,28.4,45.1,16.1,25.3,32.1,0.08,24970,349,8
2010-12-16 04:30:00,,37.9,28.4,45.1,16.1,25.3,32.1,0.08,24971,349,9
2010-12-16 05:00:00,,37.9,28.4,45.1,16.1,25.3,32.1,0.08,24972,349,10
2010-12-16 05:30:00,,37.9,28.4,45.1,16.1,25.3,32.1,0.08,24973,349,11
2010-12-16 06:00:00,,37.9,28.4,45.1,16.1,25.3,32.1,0.08,24974,349,12
2010-12-16 06:30:00,,37.9,28.4,45.1,16.1,25.3,32.1,0.08,24975,349,13
2010-12-16 07:00:00,,37.9,28.4,45.1,16.1,25.3,32.1,0.08,24976,349,14
2010-12-16 07:30:00,,37.9,28.4,45.1,16.1,25.3,32.1,0.08,24977,349,15
2010-12-16 08:00:00,,37.9,28.4,45.1,16.1,25.3,32.1,0.08,24978,349,16
2010-12-16 08:30:00,,37.9,28.4,45.1,16.1,25.3,32.1,0.08,24979,349,17
2010-12-16 09:00:00,,37.9,28.4,45.1,16.1,25.3,32.1,0.08,24980,349,18
2010-12-16 09:30:00,,37.9,28.4,45.1,16.1,25.3,32.1,0.08,24981,349,19
2010-12-16 10:00:00,,37.9,28.4,45.1,16.1,25.3,32.1,0.08,24982,349,20
2010-12-16 10:30:00,,37.9,28.4,45.1,16.1,25.3,32.1,0.08,24983,349,21
2010-12-16 11:00:00,,37.9,28.4,45.1,16.1,25.3,32.1,0.08,24984,349,22
2010-12-16 11:30:00,,37.9,28.4,45.1,16.1,25.3,32.1,0.08,24985,349,23
2010-12-16 12:00:00,,37.9,28.4,45.1,16.1,25.3,32.1,0.08,24986,349,24
2010-12-16 12:30:00,,37.9,28.4,45.1,16.1,25.3,32.1,0.08,24987,349,25
2010-12-16 13:00:00,,37.9,28.4,45.1,16.1,25.3,32.1,0.08,24988,349,26
2010-12-16 13:30:00,,37.9,28.4,45.1,16.1,25.3,32.1,0.08,24989,349,27
2010-12-16 14:00:00,,37.9,28.4,45.1,16.1,25.3,32.1,0.08,24990,349,28
2010-12-16 14:30:00,,37.9,28.4,45.1,16.1,25.3,32.1,0.08,24991,349,29
2010-12-16 15:00:00,,37.9,28.4,45.1,16.1,25.3,32.1,0.08,24992,349,30
2010-12-16 15:30:00,,37.9,28.4,45.1,16.1,25.3,32.1,0.08,24993,349,31
2010-12-16 16:00:00,,37.9,28.4,45.1,16.1,25.3,32.1,0.08,24994,349,32
2010-12-16 16:30:00,,37.9,28.4,45.1,16.1,25.3,32.1,0.08,24995,349,33
2010-12-16 17:00:00,,37.9,28.4,45.1,16.1,25.3,32.1,0.08,24996,349,34
2010-12-16 17:30:00,,37.9,28.4,45.1,16.1,25.3,32.1,0.08,24997,349,35
2010-12-16 18:00:00,,37.9,28.4,45.1,16.1,25.3,32.1,0.08,24998,349,36
2010-12-16 18:30:00,,37.9,28.4,45.1,16.1,25.3,32.1,0.08,24999,349,37
2010-12-16 19:00:00,,37.9,28.4,45.1,16.1,25.3,32.1,0.08,25000,349,38
2010-12-16 19:30:00,,37.9,28.4,45.1,16.1,25.3,32.1,0.08,25001,349,39
2010-12-16 20:00:00,,37.9,28.4,45.1,16.1,25.3,32.1,0.08,25002,349,40
2010-12-16 20:30:00,,37.9,28.4,45.1,16.1,25.3,32.1,0.08,25003,349,41
2010-12-16 21:00:00,,37.9,28.4,45.1,16.1,25.3,32.1,0.08,25004,349,42
2010-12-16 21:30:00,,37.9,28.4,45.1,16.1,25.3,32.1,0.08,25005,349,43
2010-12-16 22:00:00,,37.9,28.4,45.1,16.1,25.3,32.1,0.08,25006,349,44
2010-12-16 22:30:00,,37.9,28.4,45.1,16.1,25.3,32.1,0.08,25007,349,45
2010-12-16 23:00:00,,37.9,28.4,45.1,16.1,25.3,32.1,0.08,25008,349,46
2010-12-16 23:30:00,,37.9,28.4,45.1,16.1,25.3,32.1,0.08,25009,349,47
2010-12-17 00:00:00,,29.7,26.2,33.4,13.8,18.1,999.9,0.0,25010,350,48
2010-12-17 00:30:00,,29.7,26.2,33.4,13.8,18.1,999.9,0.0,25011,350,1
2010-12-17 01:00:00,,29.7,26.2,33.4,13.8,18.1,999.9,0.0,25012,350,2
2010-12-17 01:30:00,,29.7,26.2,33.4,13.8,18.1,999.9,0.0,25013,350,3
2010-12-17 02:00:00,,29.7,26.2,33.4,13.8,18.1,999.9,0.0,25014,350,4
2010-12-17 02:30:00,,29.7,26.2,33.4,13.8,18.1,999.9,0.0,25015,350,5
2010-12-17 03:00:00,,29.7,26.2,33.4,13.8,18.1,999.9,0.0,25016,350,6
2010-12-17 03:30:00,,29.7,26.2,33.4,13.8,18.1,999.9,0.0,25017,350,7
2010-12-17 04:00:00,,29.7,26.2,33.4,13.8,18.1,999.9,0.0,25018,350,8
2010-12-17 04:30:00,,29.7,26.2,33.4,13.8,18.1,999.9,0.0,25019,350,9
2010-12-17 05:00:00,,29.7,26.2,33.4,13.8,18.1,999.9,0.0,25020,350,10
2010-12-17 05:30:00,,29.7,26.2,33.4,13.8,18.1,999.9,0.0,25021,350,11
2010-12-17 06:00:00,,29.7,26.2,33.4,13.8,18.1,999.9,0.0,25022,350,12
2010-12-17 06:30:00,,29.7,26.2,33.4,13.8,18.1,999.9,0.0,25023,350,13
2010-12-17 07:00:00,,29.7,26.2,33.4,13.8,18.1,999.9,0.0,25024,350,14
2010-12-17 07:30:00,,29.7,26.2,33.4,13.8,18.1,999.9,0.0,25025,350,15
2010-12-17 08:00:00,,29.7,26.2,33.4,13.8,18.1,999.9,0.0,25026,350,16
2010-12-17 08:30:00,,29.7,26.2,33.4,13.8,18.1,999.9,0.0,25027,350,17
2010-12-17 09:00:00,,29.7,26.2,33.4,13.8,18.1,999.9,0.0,25028,350,18
2010-12-17 09:30:00,,29.7,26.2,33.4,13.8,18.1,999.9,0.0,25029,350,19
2010-12-17 10:00:00,,29.7,26.2,33.4,13.8,18.1,999.9,0.0,25030,350,20
2010-12-17 10:30:00,,29.7,26.2,33.4,13.8,18.1,999.9,0.0,25031,350,21
2010-12-17 11:00:00,,29.7,26.2,33.4,13.8,18.1,999.9,0.0,25032,350,22
2010-12-17 11:30:00,,29.7,26.2,33.4,13.8,18.1,999.9,0.0,25033,350,23
2010-12-17 12:00:00,,29.7,26.2,33.4,13.8,18.1,999.9,0.0,25034,350,24
2010-12-17 12:30:00,,29.7,26.2,33.4,13.8,18.1,999.9,0.0,25035,350,25
2010-12-17 13:00:00,,29.7,26.2,33.4,13.8,18.1,999.9,0.0,25036,350,26
2010-12-17 13:30:00,,29.7,26.2,33.4,13.8,18.1,999.9,0.0,25037,350,27
2010-12-17 14:00:00,,29.7,26.2,33.4,13.8,18.1,999.9,0.0,25038,350,28
2010-12-17 14:30:00,,29.7,26.2,33.4,13.8,18.1,999.9,0.0,25039,350,29
2010-12-17 15:00:00,,29.7,26.2,33.4,13.8,18.1,999.9,0.0,25040,350,30
2010-12-17 15:30:00,,29.7,26.2,33.4,13.8,18.1,999.9,0.0,25041,350,31
2010-12-17 16:00:00,,29.7,26.2,33.4,13.8,18.1,999.9,0.0,25042,350,32
2010-12-17 16:30:00,,29.7,26.2,33.4,13.8,18.1,999.9,0.0,25043,350,33
2010-12-17 17:00:00,,29.7,26.2,33.4,13.8,18.1,999.9,0.0,25044,350,34
2010-12-17 17:30:00,,29.7,26.2,33.4,13.8,18.1,999.9,0.0,25045,350,35
2010-12-17 18:00:00,,29.7,26.2,33.4,13.8,18.1,999.9,0.0,25046,350,36
2010-12-17 18:30:00,,29.7,26.2,33.4,13.8,18.1,999.9,0.0,25047,350,37
2010-12-17 19:00:00,,29.7,26.2,33.4,13.8,18.1,999.9,0.0,25048,350,38
2010-12-17 19:30:00,,29.7,26.2,33.4,13.8,18.1,999.9,0.0,25049,350,39
2010-12-17 20:00:00,,29.7,26.2,33.4,13.8,18.1,999.9,0.0,25050,350,40
2010-12-17 20:30:00,,29.7,26.2,33.4,13.8,18.1,999.9,0.0,25051,350,41
2010-12-17 21:00:00,,29.7,26.2,33.4,13.8,18.1,999.9,0.0,25052,350,42
2010-12-17 21:30:00,,29.7,26.2,33.4,13.8,18.1,999.9,0.0,25053,350,43
2010-12-17 22:00:00,,29.7,26.2,33.4,13.8,18.1,999.9,0.0,25054,350,44
2010-12-17 22:30:00,,29.7,26.2,33.4,13.8,18.1,999.9,0.0,25055,350,45
2010-12-17 23:00:00,,29.7,26.2,33.4,13.8,18.1,999.9,0.0,25056,350,46
2010-12-17 23:30:00,,29.7,26.2,33.4,13.8,18.1,999.9,0.0,25057,350,47
2010-12-18 00:00:00,,26.6,17.6,32.0,9.3,15.5,999.9,0.0,25058,351,48
2010-12-18 00:30:00,,26.6,17.6,32.0,9.3,15.5,999.9,0.0,25059,351,1
2010-12-18 01:00:00,,26.6,17.6,32.0,9.3,15.5,999.9,0.0,25060,351,2
2010-12-18 01:30:00,,26.6,17.6,32.0,9.3,15.5,999.9,0.0,25061,351,3
2010-12-18 02:00:00,,26.6,17.6,32.0,9.3,15.5,999.9,0.0,25062,351,4
2010-12-18 02:30:00,,26.6,17.6,32.0,9.3,15.5,999.9,0.0,25063,351,5
2010-12-18 03:00:00,,26.6,17.6,32.0,9.3,15.5,999.9,0.0,25064,351,6
2010-12-18 03:30:00,,26.6,17.6,32.0,9.3,15.5,999.9,0.0,25065,351,7
2010-12-18 04:00:00,,26.6,17.6,32.0,9.3,15.5,999.9,0.0,25066,351,8
2010-12-18 04:30:00,,26.6,17.6,32.0,9.3,15.5,999.9,0.0,25067,351,9
2010-12-18 05:00:00,,26.6,17.6,32.0,9.3,15.5,999.9,0.0,25068,351,10
2010-12-18 05:30:00,,26.6,17.6,32.0,9.3,15.5,999.9,0.0,25069,351,11
2010-12-18 06:00:00,,26.6,17.6,32.0,9.3,15.5,999.9,0.0,25070,351,12
2010-12-18 06:30:00,,26.6,17.6,32.0,9.3,15.5,999.9,0.0,25071,351,13
2010-12-18 07:00:00,,26.6,17.6,32.0,9.3,15.5,999.9,0.0,25072,351,14
2010-12-18 07:30:00,,26.6,17.6,32.0,9.3,15.5,999.9,0.0,25073,351,15
2010-12-18 08:00:00,,26.6,17.6,32.0,9.3,15.5,999.9,0.0,25074,351,16
2010-12-18 08:30:00,,26.6,17.6,32.0,9.3,15.5,999.9,0.0,25075,351,17
2010-12-18 09:00:00,,26.6,17.6,32.0,9.3,15.5,999.9,0.0,25076,351,18
2010-12-18 09:30:00,,26.6,17.6,32.0,9.3,15.5,999.9,0.0,25077,351,19
2010-12-18 10:00:00,,26.6,17.6,32.0,9.3,15.5,999.9,0.0,25078,351,20
2010-12-18 10:30:00,,26.6,17.6,32.0,9.3,15.5,999.9,0.0,25079,351,21
2010-12-18 11:00:00,,26.6,17.6,32.0,9.3,15.5,999.9,0.0,25080,351,22
2010-12-18 11:30:00,,26.6,17.6,32.0,9.3,15.5,999.9,0.0,25081,351,23
2010-12-18 12:00:00,,26.6,17.6,32.0,9.3,15.5,999.9,0.0,25082,351,24
2010-12-18 12:30:00,,26.6,17.6,32.0,9.3,15.5,999.9,0.0,25083,351,25
2010-12-18 13:00:00,,26.6,17.6,32.0,9.3,15.5,999.9,0.0,25084,351,26
2010-12-18 13:30:00,,26.6,17.6,32.0,9.3,15.5,999.9,0.0,25085,351,27
2010-12-18 14:00:00,,26.6,17.6,32.0,9.3,15.5,999.9,0.0,25086,351,28
2010-12-18 14:30:00,,26.6,17.6,32.0,9.3,15.5,999.9,0.0,25087,351,29
2010-12-18 15:00:00,,26.6,17.6,32.0,9.3,15.5,999.9,0.0,25088,351,30
2010-12-18 15:30:00,,26.6,17.6,32.0,9.3,15.5,999.9,0.0,25089,351,31
2010-12-18 16:00:00,,26.6,17.6,32.0,9.3,15.5,999.9,0.0,25090,351,32
2010-12-18 16:30:00,,26.6,17.6,32.0,9.3,15.5,999.9,0.0,25091,351,33
2010-12-18 17:00:00,,26.6,17.6,32.0,9.3,15.5,999.9,0.0,25092,351,34
2010-12-18 17:30:00,,26.6,17.6,32.0,9.3,15.5,999.9,0.0,25093,351,35
2010-12-18 18:00:00,,26.6,17.6,32.0,9.3,15.5,999.9,0.0,25094,351,36
2010-12-18 18:30:00,,26.6,17.6,32.0,9.3,15.5,999.9,0.0,25095,351,37
2010-12-18 19:00:00,,26.6,17.6,32.0,9.3,15.5,999.9,0.0,25096,351,38
2010-12-18 19:30:00,,26.6,17.6,32.0,9.3,15.5,999.9,0.0,25097,351,39
2010-12-18 20:00:00,,26.6,17.6,32.0,9.3,15.5,999.9,0.0,25098,351,40
2010-12-18 20:30:00,,26.6,17.6,32.0,9.3,15.5,999.9,0.0,25099,351,41
2010-12-18 21:00:00,,26.6,17.6,32.0,9.3,15.5,999.9,0.0,25100,351,42
2010-12-18 21:30:00,,26.6,17.6,32.0,9.3,15.5,999.9,0.0,25101,351,43
2010-12-18 22:00:00,,26.6,17.6,32.0,9.3,15.5,999.9,0.0,25102,351,44
2010-12-18 22:30:00,,26.6,17.6,32.0,9.3,15.5,999.9,0.0,25103,351,45
2010-12-18 23:00:00,,26.6,17.6,32.0,9.3,15.5,999.9,0.0,25104,351,46
2010-12-18 23:30:00,,26.6,17.6,32.0,9.3,15.5,999.9,0.0,25105,351,47
2010-12-19 00:00:00,,27.5,14.4,38.1,5.4,11.1,999.9,0.0,25106,352,48
2010-12-19 00:30:00,,27.5,14.4,38.1,5.4,11.1,999.9,0.0,25107,352,1
2010-12-19 01:00:00,,27.5,14.4,38.1,5.4,11.1,999.9,0.0,25108,352,2
2010-12-19 01:30:00,,27.5,14.4,38.1,5.4,11.1,999.9,0.0,25109,352,3
2010-12-19 02:00:00,,27.5,14.4,38.1,5.4,11.1,999.9,0.0,25110,352,4
2010-12-19 02:30:00,,27.5,14.4,38.1,5.4,11.1,999.9,0.0,25111,352,5
2010-12-19 03:00:00,,27.5,14.4,38.1,5.4,11.1,999.9,0.0,25112,352,6
2010-12-19 03:30:00,,27.5,14.4,38.1,5.4,11.1,999.9,0.0,25113,352,7
2010-12-19 04:00:00,,27.5,14.4,38.1,5.4,11.1,999.9,0.0,25114,352,8
2010-12-19 04:30:00,,27.5,14.4,38.1,5.4,11.1,999.9,0.0,25115,352,9
2010-12-19 05:00:00,,27.5,14.4,38.1,5.4,11.1,999.9,0.0,25116,352,10
2010-12-19 05:30:00,,27.5,14.4,38.1,5.4,11.1,999.9,0.0,25117,352,11
2010-12-19 06:00:00,,27.5,14.4,38.1,5.4,11.1,999.9,0.0,25118,352,12
2010-12-19 06:30:00,,27.5,14.4,38.1,5.4,11.1,999.9,0.0,25119,352,13
2010-12-19 07:00:00,,27.5,14.4,38.1,5.4,11.1,999.9,0.0,25120,352,14
2010-12-19 07:30:00,,27.5,14.4,38.1,5.4,11.1,999.9,0.0,25121,352,15
2010-12-19 08:00:00,,27.5,14.4,38.1,5.4,11.1,999.9,0.0,25122,352,16
2010-12-19 08:30:00,,27.5,14.4,38.1,5.4,11.1,999.9,0.0,25123,352,17
2010-12-19 09:00:00,,27.5,14.4,38.1,5.4,11.1,999.9,0.0,25124,352,18
2010-12-19 09:30:00,,27.5,14.4,38.1,5.4,11.1,999.9,0.0,25125,352,19
2010-12-19 10:00:00,,27.5,14.4,38.1,5.4,11.1,999.9,0.0,25126,352,20
2010-12-19 10:30:00,,27.5,14.4,38.1,5.4,11.1,999.9,0.0,25127,352,21
2010-12-19 11:00:00,,27.5,14.4,38.1,5.4,11.1,999.9,0.0,25128,352,22
2010-12-19 11:30:00,,27.5,14.4,38.1,5.4,11.1,999.9,0.0,25129,352,23
2010-12-19 12:00:00,,27.5,14.4,38.1,5.4,11.1,999.9,0.0,25130,352,24
2010-12-19 12:30:00,,27.5,14.4,38.1,5.4,11.1,999.9,0.0,25131,352,25
2010-12-19 13:00:00,,27.5,14.4,38.1,5.4,11.1,999.9,0.0,25132,352,26
2010-12-19 13:30:00,,27.5,14.4,38.1,5.4,11.1,999.9,0.0,25133,352,27
2010-12-19 14:00:00,,27.5,14.4,38.1,5.4,11.1,999.9,0.0,25134,352,28
2010-12-19 14:30:00,,27.5,14.4,38.1,5.4,11.1,999.9,0.0,25135,352,29
2010-12-19 15:00:00,,27.5,14.4,38.1,5.4,11.1,999.9,0.0,25136,352,30
2010-12-19 15:30:00,,27.5,14.4,38.1,5.4,11.1,999.9,0.0,25137,352,31
2010-12-19 16:00:00,,27.5,14.4,38.1,5.4,11.1,999.9,0.0,25138,352,32
2010-12-19 16:30:00,,27.5,14.4,38.1,5.4,11.1,999.9,0.0,25139,352,33
2010-12-19 17:00:00,,27.5,14.4,38.1,5.4,11.1,999.9,0.0,25140,352,34
2010-12-19 17:30:00,,27.5,14.4,38.1,5.4,11.1,999.9,0.0,25141,352,35
2010-12-19 18:00:00,,27.5,14.4,38.1,5.4,11.1,999.9,0.0,25142,352,36
2010-12-19 18:30:00,,27.5,14.4,38.1,5.4,11.1,999.9,0.0,25143,352,37
2010-12-19 19:00:00,,27.5,14.4,38.1,5.4,11.1,999.9,0.0,25144,352,38
2010-12-19 19:30:00,,27.5,14.4,38.1,5.4,11.1,999.9,0.0,25145,352,39
2010-12-19 20:00:00,,27.5,14.4,38.1,5.4,11.1,999.9,0.0,25146,352,40
2010-12-19 20:30:00,,27.5,14.4,38.1,5.4,11.1,999.9,0.0,25147,352,41
2010-12-19 21:00:00,,27.5,14.4,38.1,5.4,11.1,999.9,0.0,25148,352,42
2010-12-19 21:30:00,,27.5,14.4,38.1,5.4,11.1,999.9,0.0,25149,352,43
2010-12-19 22:00:00,,27.5,14.4,38.1,5.4,11.1,999.9,0.0,25150,352,44
2010-12-19 22:30:00,,27.5,14.4,38.1,5.4,11.1,999.9,0.0,25151,352,45
2010-12-19 23:00:00,,27.5,14.4,38.1,5.4,11.1,999.9,0.0,25152,352,46
2010-12-19 23:30:00,,27.5,14.4,38.1,5.4,11.1,999.9,0.0,25153,352,47
2010-12-20 00:00:00,,24.7,15.8,32.2,5.2,9.7,999.9,0.01,25154,353,48
2010-12-20 00:30:00,,24.7,15.8,32.2,5.2,9.7,999.9,0.01,25155,353,1
2010-12-20 01:00:00,,24.7,15.8,32.2,5.2,9.7,999.9,0.01,25156,353,2
2010-12-20 01:30:00,,24.7,15.8,32.2,5.2,9.7,999.9,0.01,25157,353,3
2010-12-20 02:00:00,,24.7,15.8,32.2,5.2,9.7,999.9,0.01,25158,353,4
2010-12-20 02:30:00,,24.7,15.8,32.2,5.2,9.7,999.9,0.01,25159,353,5
2010-12-20 03:00:00,,24.7,15.8,32.2,5.2,9.7,999.9,0.01,25160,353,6
2010-12-20 03:30:00,,24.7,15.8,32.2,5.2,9.7,999.9,0.01,25161,353,7
2010-12-20 04:00:00,,24.7,15.8,32.2,5.2,9.7,999.9,0.01,25162,353,8
2010-12-20 04:30:00,,24.7,15.8,32.2,5.2,9.7,999.9,0.01,25163,353,9
2010-12-20 05:00:00,,24.7,15.8,32.2,5.2,9.7,999.9,0.01,25164,353,10
2010-12-20 05:30:00,,24.7,15.8,32.2,5.2,9.7,999.9,0.01,25165,353,11
2010-12-20 06:00:00,,24.7,15.8,32.2,5.2,9.7,999.9,0.01,25166,353,12
2010-12-20 06:30:00,,24.7,15.8,32.2,5.2,9.7,999.9,0.01,25167,353,13
2010-12-20 07:00:00,,24.7,15.8,32.2,5.2,9.7,999.9,0.01,25168,353,14
2010-12-20 07:30:00,,24.7,15.8,32.2,5.2,9.7,999.9,0.01,25169,353,15
2010-12-20 08:00:00,,24.7,15.8,32.2,5.2,9.7,999.9,0.01,25170,353,16
2010-12-20 08:30:00,,24.7,15.8,32.2,5.2,9.7,999.9,0.01,25171,353,17
2010-12-20 09:00:00,,24.7,15.8,32.2,5.2,9.7,999.9,0.01,25172,353,18
2010-12-20 09:30:00,,24.7,15.8,32.2,5.2,9.7,999.9,0.01,25173,353,19
2010-12-20 10:00:00,,24.7,15.8,32.2,5.2,9.7,999.9,0.01,25174,353,20
2010-12-20 10:30:00,,24.7,15.8,32.2,5.2,9.7,999.9,0.01,25175,353,21
2010-12-20 11:00:00,,24.7,15.8,32.2,5.2,9.7,999.9,0.01,25176,353,22
2010-12-20 11:30:00,,24.7,15.8,32.2,5.2,9.7,999.9,0.01,25177,353,23
2010-12-20 12:00:00,,24.7,15.8,32.2,5.2,9.7,999.9,0.01,25178,353,24
2010-12-20 12:30:00,,24.7,15.8,32.2,5.2,9.7,999.9,0.01,25179,353,25
2010-12-20 13:00:00,,24.7,15.8,32.2,5.2,9.7,999.9,0.01,25180,353,26
2010-12-20 13:30:00,,24.7,15.8,32.2,5.2,9.7,999.9,0.01,25181,353,27
2010-12-20 14:00:00,,24.7,15.8,32.2,5.2,9.7,999.9,0.01,25182,353,28
2010-12-20 14:30:00,,24.7,15.8,32.2,5.2,9.7,999.9,0.01,25183,353,29
2010-12-20 15:00:00,,24.7,15.8,32.2,5.2,9.7,999.9,0.01,25184,353,30
2010-12-20 15:30:00,,24.7,15.8,32.2,5.2,9.7,999.9,0.01,25185,353,31
2010-12-20 16:00:00,,24.7,15.8,32.2,5.2,9.7,999.9,0.01,25186,353,32
2010-12-20 16:30:00,,24.7,15.8,32.2,5.2,9.7,999.9,0.01,25187,353,33
2010-12-20 17:00:00,,24.7,15.8,32.2,5.2,9.7,999.9,0.01,25188,353,34
2010-12-20 17:30:00,,24.7,15.8,32.2,5.2,9.7,999.9,0.01,25189,353,35
2010-12-20 18:00:00,,24.7,15.8,32.2,5.2,9.7,999.9,0.01,25190,353,36
2010-12-20 18:30:00,,24.7,15.8,32.2,5.2,9.7,999.9,0.01,25191,353,37
2010-12-20 19:00:00,,24.7,15.8,32.2,5.2,9.7,999.9,0.01,25192,353,38
2010-12-20 19:30:00,,24.7,15.8,32.2,5.2,9.7,999.9,0.01,25193,353,39
2010-12-20 20:00:00,,24.7,15.8,32.2,5.2,9.7,999.9,0.01,25194,353,40
2010-12-20 20:30:00,,24.7,15.8,32.2,5.2,9.7,999.9,0.01,25195,353,41
2010-12-20 21:00:00,,24.7,15.8,32.2,5.2,9.7,999.9,0.01,25196,353,42
2010-12-20 21:30:00,,24.7,15.8,32.2,5.2,9.7,999.9,0.01,25197,353,43
2010-12-20 22:00:00,,24.7,15.8,32.2,5.2,9.7,999.9,0.01,25198,353,44
2010-12-20 22:30:00,,24.7,15.8,32.2,5.2,9.7,999.9,0.01,25199,353,45
2010-12-20 23:00:00,,24.7,15.8,32.2,5.2,9.7,999.9,0.01,25200,353,46
2010-12-20 23:30:00,,24.7,15.8,32.2,5.2,9.7,999.9,0.01,25201,353,47
2010-12-21 00:00:00,,23.8,14.0,33.8,7.9,13.6,999.9,0.2,25202,354,48
2010-12-21 00:30:00,,23.8,14.0,33.8,7.9,13.6,999.9,0.2,25203,354,1
2010-12-21 01:00:00,,23.8,14.0,33.8,7.9,13.6,999.9,0.2,25204,354,2
2010-12-21 01:30:00,,23.8,14.0,33.8,7.9,13.6,999.9,0.2,25205,354,3
2010-12-21 02:00:00,,23.8,14.0,33.8,7.9,13.6,999.9,0.2,25206,354,4
2010-12-21 02:30:00,,23.8,14.0,33.8,7.9,13.6,999.9,0.2,25207,354,5
2010-12-21 03:00:00,,23.8,14.0,33.8,7.9,13.6,999.9,0.2,25208,354,6
2010-12-21 03:30:00,,23.8,14.0,33.8,7.9,13.6,999.9,0.2,25209,354,7
2010-12-21 04:00:00,,23.8,14.0,33.8,7.9,13.6,999.9,0.2,25210,354,8
2010-12-21 04:30:00,,23.8,14.0,33.8,7.9,13.6,999.9,0.2,25211,354,9
2010-12-21 05:00:00,,23.8,14.0,33.8,7.9,13.6,999.9,0.2,25212,354,10
2010-12-21 05:30:00,,23.8,14.0,33.8,7.9,13.6,999.9,0.2,25213,354,11
2010-12-21 06:00:00,,23.8,14.0,33.8,7.9,13.6,999.9,0.2,25214,354,12
2010-12-21 06:30:00,,23.8,14.0,33.8,7.9,13.6,999.9,0.2,25215,354,13
2010-12-21 07:00:00,,23.8,14.0,33.8,7.9,13.6,999.9,0.2,25216,354,14
2010-12-21 07:30:00,,23.8,14.0,33.8,7.9,13.6,999.9,0.2,25217,354,15
2010-12-21 08:00:00,,23.8,14.0,33.8,7.9,13.6,999.9,0.2,25218,354,16
2010-12-21 08:30:00,,23.8,14.0,33.8,7.9,13.6,999.9,0.2,25219,354,17
2010-12-21 09:00:00,,23.8,14.0,33.8,7.9,13.6,999.9,0.2,25220,354,18
2010-12-21 09:30:00,,23.8,14.0,33.8,7.9,13.6,999.9,0.2,25221,354,19
2010-12-21 10:00:00,,23.8,14.0,33.8,7.9,13.6,999.9,0.2,25222,354,20
2010-12-21 10:30:00,,23.8,14.0,33.8,7.9,13.6,999.9,0.2,25223,354,21
2010-12-21 11:00:00,,23.8,14.0,33.8,7.9,13.6,999.9,0.2,25224,354,22
2010-12-21 11:30:00,,23.8,14.0,33.8,7.9,13.6,999.9,0.2,25225,354,23
2010-12-21 12:00:00,,23.8,14.0,33.8,7.9,13.6,999.9,0.2,25226,354,24
2010-12-21 12:30:00,,23.8,14.0,33.8,7.9,13.6,999.9,0.2,25227,354,25
2010-12-21 13:00:00,,23.8,14.0,33.8,7.9,13.6,999.9,0.2,25228,354,26
2010-12-21 13:30:00,,23.8,14.0,33.8,7.9,13.6,999.9,0.2,25229,354,27
2010-12-21 14:00:00,,23.8,14.0,33.8,7.9,13.6,999.9,0.2,25230,354,28
2010-12-21 14:30:00,,23.8,14.0,33.8,7.9,13.6,999.9,0.2,25231,354,29
2010-12-21 15:00:00,,23.8,14.0,33.8,7.9,13.6,999.9,0.2,25232,354,30
2010-12-21 15:30:00,,23.8,14.0,33.8,7.9,13.6,999.9,0.2,25233,354,31
2010-12-21 16:00:00,,23.8,14.0,33.8,7.9,13.6,999.9,0.2,25234,354,32
2010-12-21 16:30:00,,23.8,14.0,33.8,7.9,13.6,999.9,0.2,25235,354,33
2010-12-21 17:00:00,,23.8,14.0,33.8,7.9,13.6,999.9,0.2,25236,354,34
2010-12-21 17:30:00,,23.8,14.0,33.8,7.9,13.6,999.9,0.2,25237,354,35
2010-12-21 18:00:00,,23.8,14.0,33.8,7.9,13.6,999.9,0.2,25238,354,36
2010-12-21 18:30:00,,23.8,14.0,33.8,7.9,13.6,999.9,0.2,25239,354,37
2010-12-21 19:00:00,,23.8,14.0,33.8,7.9,13.6,999.9,0.2,25240,354,38
2010-12-21 19:30:00,,23.8,14.0,33.8,7.9,13.6,999.9,0.2,25241,354,39
2010-12-21 20:00:00,,23.8,14.0,33.8,7.9,13.6,999.9,0.2,25242,354,40
2010-12-21 20:30:00,,23.8,14.0,33.8,7.9,13.6,999.9,0.2,25243,354,41
2010-12-21 21:00:00,,23.8,14.0,33.8,7.9,13.6,999.9,0.2,25244,354,42
2010-12-21 21:30:00,,23.8,14.0,33.8,7.9,13.6,999.9,0.2,25245,354,43
2010-12-21 22:00:00,,23.8,14.0,33.8,7.9,13.6,999.9,0.2,25246,354,44
2010-12-21 22:30:00,,23.8,14.0,33.8,7.9,13.6,999.9,0.2,25247,354,45
2010-12-21 23:00:00,,23.8,14.0,33.8,7.9,13.6,999.9,0.2,25248,354,46
2010-12-21 23:30:00,,23.8,14.0,33.8,7.9,13.6,999.9,0.2,25249,354,47
2010-12-22 00:00:00,,24.0,15.8,32.0,6.9,13.6,999.9,0.31,25250,355,48
2010-12-22 00:30:00,,24.0,15.8,32.0,6.9,13.6,999.9,0.31,25251,355,1
2010-12-22 01:00:00,,24.0,15.8,32.0,6.9,13.6,999.9,0.31,25252,355,2
2010-12-22 01:30:00,,24.0,15.8,32.0,6.9,13.6,999.9,0.31,25253,355,3
2010-12-22 02:00:00,,24.0,15.8,32.0,6.9,13.6,999.9,0.31,25254,355,4
2010-12-22 02:30:00,,24.0,15.8,32.0,6.9,13.6,999.9,0.31,25255,355,5
2010-12-22 03:00:00,,24.0,15.8,32.0,6.9,13.6,999.9,0.31,25256,355,6
2010-12-22 03:30:00,,24.0,15.8,32.0,6.9,13.6,999.9,0.31,25257,355,7
2010-12-22 04:00:00,,24.0,15.8,32.0,6.9,13.6,999.9,0.31,25258,355,8
2010-12-22 04:30:00,,24.0,15.8,32.0,6.9,13.6,999.9,0.31,25259,355,9
2010-12-22 05:00:00,,24.0,15.8,32.0,6.9,13.6,999.9,0.31,25260,355,10
2010-12-22 05:30:00,,24.0,15.8,32.0,6.9,13.6,999.9,0.31,25261,355,11
2010-12-22 06:00:00,,24.0,15.8,32.0,6.9,13.6,999.9,0.31,25262,355,12
2010-12-22 06:30:00,,24.0,15.8,32.0,6.9,13.6,999.9,0.31,25263,355,13
2010-12-22 07:00:00,,24.0,15.8,32.0,6.9,13.6,999.9,0.31,25264,355,14
2010-12-22 07:30:00,,24.0,15.8,32.0,6.9,13.6,999.9,0.31,25265,355,15
2010-12-22 08:00:00,,24.0,15.8,32.0,6.9,13.6,999.9,0.31,25266,355,16
2010-12-22 08:30:00,,24.0,15.8,32.0,6.9,13.6,999.9,0.31,25267,355,17
2010-12-22 09:00:00,,24.0,15.8,32.0,6.9,13.6,999.9,0.31,25268,355,18
2010-12-22 09:30:00,,24.0,15.8,32.0,6.9,13.6,999.9,0.31,25269,355,19
2010-12-22 10:00:00,,24.0,15.8,32.0,6.9,13.6,999.9,0.31,25270,355,20
2010-12-22 10:30:00,,24.0,15.8,32.0,6.9,13.6,999.9,0.31,25271,355,21
2010-12-22 11:00:00,,24.0,15.8,32.0,6.9,13.6,999.9,0.31,25272,355,22
2010-12-22 11:30:00,,24.0,15.8,32.0,6.9,13.6,999.9,0.31,25273,355,23
2010-12-22 12:00:00,,24.0,15.8,32.0,6.9,13.6,999.9,0.31,25274,355,24
2010-12-22 12:30:00,,24.0,15.8,32.0,6.9,13.6,999.9,0.31,25275,355,25
2010-12-22 13:00:00,,24.0,15.8,32.0,6.9,13.6,999.9,0.31,25276,355,26
2010-12-22 13:30:00,,24.0,15.8,32.0,6.9,13.6,999.9,0.31,25277,355,27
2010-12-22 14:00:00,,24.0,15.8,32.0,6.9,13.6,999.9,0.31,25278,355,28
2010-12-22 14:30:00,,24.0,15.8,32.0,6.9,13.6,999.9,0.31,25279,355,29
2010-12-22 15:00:00,,24.0,15.8,32.0,6.9,13.6,999.9,0.31,25280,355,30
2010-12-22 15:30:00,,24.0,15.8,32.0,6.9,13.6,999.9,0.31,25281,355,31
2010-12-22 16:00:00,,24.0,15.8,32.0,6.9,13.6,999.9,0.31,25282,355,32
2010-12-22 16:30:00,,24.0,15.8,32.0,6.9,13.6,999.9,0.31,25283,355,33
2010-12-22 17:00:00,,24.0,15.8,32.0,6.9,13.6,999.9,0.31,25284,355,34
2010-12-22 17:30:00,,24.0,15.8,32.0,6.9,13.6,999.9,0.31,25285,355,35
2010-12-22 18:00:00,,24.0,15.8,32.0,6.9,13.6,999.9,0.31,25286,355,36
2010-12-22 18:30:00,,24.0,15.8,32.0,6.9,13.6,999.9,0.31,25287,355,37
2010-12-22 19:00:00,,24.0,15.8,32.0,6.9,13.6,999.9,0.31,25288,355,38
2010-12-22 19:30:00,,24.0,15.8,32.0,6.9,13.6,999.9,0.31,25289,355,39
2010-12-22 20:00:00,,24.0,15.8,32.0,6.9,13.6,999.9,0.31,25290,355,40
2010-12-22 20:30:00,,24.0,15.8,32.0,6.9,13.6,999.9,0.31,25291,355,41
2010-12-22 21:00:00,,24.0,15.8,32.0,6.9,13.6,999.9,0.31,25292,355,42
2010-12-22 21:30:00,,24.0,15.8,32.0,6.9,13.6,999.9,0.31,25293,355,43
2010-12-22 22:00:00,,24.0,15.8,32.0,6.9,13.6,999.9,0.31,25294,355,44
2010-12-22 22:30:00,,24.0,15.8,32.0,6.9,13.6,999.9,0.31,25295,355,45
2010-12-22 23:00:00,,24.0,15.8,32.0,6.9,13.6,999.9,0.31,25296,355,46
2010-12-22 23:30:00,,24.0,15.8,32.0,6.9,13.6,999.9,0.31,25297,355,47
2010-12-23 00:00:00,,27.2,16.5,32.9,7.9,11.7,999.9,0.21,25298,356,48
2010-12-23 00:30:00,,27.2,16.5,32.9,7.9,11.7,999.9,0.21,25299,356,1
2010-12-23 01:00:00,,27.2,16.5,32.9,7.9,11.7,999.9,0.21,25300,356,2
2010-12-23 01:30:00,,27.2,16.5,32.9,7.9,11.7,999.9,0.21,25301,356,3
2010-12-23 02:00:00,,27.2,16.5,32.9,7.9,11.7,999.9,0.21,25302,356,4
2010-12-23 02:30:00,,27.2,16.5,32.9,7.9,11.7,999.9,0.21,25303,356,5
2010-12-23 03:00:00,,27.2,16.5,32.9,7.9,11.7,999.9,0.21,25304,356,6
2010-12-23 03:30:00,,27.2,16.5,32.9,7.9,11.7,999.9,0.21,25305,356,7
2010-12-23 04:00:00,,27.2,16.5,32.9,7.9,11.7,999.9,0.21,25306,356,8
2010-12-23 04:30:00,,27.2,16.5,32.9,7.9,11.7,999.9,0.21,25307,356,9
2010-12-23 05:00:00,,27.2,16.5,32.9,7.9,11.7,999.9,0.21,25308,356,10
2010-12-23 05:30:00,,27.2,16.5,32.9,7.9,11.7,999.9,0.21,25309,356,11
2010-12-23 06:00:00,,27.2,16.5,32.9,7.9,11.7,999.9,0.21,25310,356,12
2010-12-23 06:30:00,,27.2,16.5,32.9,7.9,11.7,999.9,0.21,25311,356,13
2010-12-23 07:00:00,,27.2,16.5,32.9,7.9,11.7,999.9,0.21,25312,356,14
2010-12-23 07:30:00,,27.2,16.5,32.9,7.9,11.7,999.9,0.21,25313,356,15
2010-12-23 08:00:00,,27.2,16.5,32.9,7.9,11.7,999.9,0.21,25314,356,16
2010-12-23 08:30:00,,27.2,16.5,32.9,7.9,11.7,999.9,0.21,25315,356,17
2010-12-23 09:00:00,,27.2,16.5,32.9,7.9,11.7,999.9,0.21,25316,356,18
2010-12-23 09:30:00,,27.2,16.5,32.9,7.9,11.7,999.9,0.21,25317,356,19
2010-12-23 10:00:00,,27.2,16.5,32.9,7.9,11.7,999.9,0.21,25318,356,20
2010-12-23 10:30:00,,27.2,16.5,32.9,7.9,11.7,999.9,0.21,25319,356,21
2010-12-23 11:00:00,,27.2,16.5,32.9,7.9,11.7,999.9,0.21,25320,356,22
2010-12-23 11:30:00,,27.2,16.5,32.9,7.9,11.7,999.9,0.21,25321,356,23
2010-12-23 12:00:00,,27.2,16.5,32.9,7.9,11.7,999.9,0.21,25322,356,24
2010-12-23 12:30:00,,27.2,16.5,32.9,7.9,11.7,999.9,0.21,25323,356,25
2010-12-23 13:00:00,,27.2,16.5,32.9,7.9,11.7,999.9,0.21,25324,356,26
2010-12-23 13:30:00,,27.2,16.5,32.9,7.9,11.7,999.9,0.21,25325,356,27
2010-12-23 14:00:00,,27.2,16.5,32.9,7.9,11.7,999.9,0.21,25326,356,28
2010-12-23 14:30:00,,27.2,16.5,32.9,7.9,11.7,999.9,0.21,25327,356,29
2010-12-23 15:00:00,,27.2,16.5,32.9,7.9,11.7,999.9,0.21,25328,356,30
2010-12-23 15:30:00,,27.2,16.5,32.9,7.9,11.7,999.9,0.21,25329,356,31
2010-12-23 16:00:00,,27.2,16.5,32.9,7.9,11.7,999.9,0.21,25330,356,32
2010-12-23 16:30:00,,27.2,16.5,32.9,7.9,11.7,999.9,0.21,25331,356,33
2010-12-23 17:00:00,,27.2,16.5,32.9,7.9,11.7,999.9,0.21,25332,356,34
2010-12-23 17:30:00,,27.2,16.5,32.9,7.9,11.7,999.9,0.21,25333,356,35
2010-12-23 18:00:00,,27.2,16.5,32.9,7.9,11.7,999.9,0.21,25334,356,36
2010-12-23 18:30:00,,27.2,16.5,32.9,7.9,11.7,999.9,0.21,25335,356,37
2010-12-23 19:00:00,,27.2,16.5,32.9,7.9,11.7,999.9,0.21,25336,356,38
2010-12-23 19:30:00,,27.2,16.5,32.9,7.9,11.7,999.9,0.21,25337,356,39
2010-12-23 20:00:00,,27.2,16.5,32.9,7.9,11.7,999.9,0.21,25338,356,40
2010-12-23 20:30:00,,27.2,16.5,32.9,7.9,11.7,999.9,0.21,25339,356,41
2010-12-23 21:00:00,,27.2,16.5,32.9,7.9,11.7,999.9,0.21,25340,356,42
2010-12-23 21:30:00,,27.2,16.5,32.9,7.9,11.7,999.9,0.21,25341,356,43
2010-12-23 22:00:00,,27.2,16.5,32.9,7.9,11.7,999.9,0.21,25342,356,44
2010-12-23 22:30:00,,27.2,16.5,32.9,7.9,11.7,999.9,0.21,25343,356,45
2010-12-23 23:00:00,,27.2,16.5,32.9,7.9,11.7,999.9,0.21,25344,356,46
2010-12-23 23:30:00,,27.2,16.5,32.9,7.9,11.7,999.9,0.21,25345,356,47
2010-12-24 00:00:00,,18.6,12.2,23.5,9.6,13.6,999.9,0.12,25346,357,48
2010-12-24 00:30:00,,18.6,12.2,23.5,9.6,13.6,999.9,0.12,25347,357,1
2010-12-24 01:00:00,,18.6,12.2,23.5,9.6,13.6,999.9,0.12,25348,357,2
2010-12-24 01:30:00,,18.6,12.2,23.5,9.6,13.6,999.9,0.12,25349,357,3
2010-12-24 02:00:00,,18.6,12.2,23.5,9.6,13.6,999.9,0.12,25350,357,4
2010-12-24 02:30:00,,18.6,12.2,23.5,9.6,13.6,999.9,0.12,25351,357,5
2010-12-24 03:00:00,,18.6,12.2,23.5,9.6,13.6,999.9,0.12,25352,357,6
2010-12-24 03:30:00,,18.6,12.2,23.5,9.6,13.6,999.9,0.12,25353,357,7
2010-12-24 04:00:00,,18.6,12.2,23.5,9.6,13.6,999.9,0.12,25354,357,8
2010-12-24 04:30:00,,18.6,12.2,23.5,9.6,13.6,999.9,0.12,25355,357,9
2010-12-24 05:00:00,,18.6,12.2,23.5,9.6,13.6,999.9,0.12,25356,357,10
2010-12-24 05:30:00,,18.6,12.2,23.5,9.6,13.6,999.9,0.12,25357,357,11
2010-12-24 06:00:00,,18.6,12.2,23.5,9.6,13.6,999.9,0.12,25358,357,12
2010-12-24 06:30:00,,18.6,12.2,23.5,9.6,13.6,999.9,0.12,25359,357,13
2010-12-24 07:00:00,,18.6,12.2,23.5,9.6,13.6,999.9,0.12,25360,357,14
2010-12-24 07:30:00,,18.6,12.2,23.5,9.6,13.6,999.9,0.12,25361,357,15
2010-12-24 08:00:00,,18.6,12.2,23.5,9.6,13.6,999.9,0.12,25362,357,16
2010-12-24 08:30:00,,18.6,12.2,23.5,9.6,13.6,999.9,0.12,25363,357,17
2010-12-24 09:00:00,,18.6,12.2,23.5,9.6,13.6,999.9,0.12,25364,357,18
2010-12-24 09:30:00,,18.6,12.2,23.5,9.6,13.6,999.9,0.12,25365,357,19
2010-12-24 10:00:00,,18.6,12.2,23.5,9.6,13.6,999.9,0.12,25366,357,20
2010-12-24 10:30:00,,18.6,12.2,23.5,9.6,13.6,999.9,0.12,25367,357,21
2010-12-24 11:00:00,,18.6,12.2,23.5,9.6,13.6,999.9,0.12,25368,357,22
2010-12-24 11:30:00,,18.6,12.2,23.5,9.6,13.6,999.9,0.12,25369,357,23
2010-12-24 12:00:00,,18.6,12.2,23.5,9.6,13.6,999.9,0.12,25370,357,24
2010-12-24 12:30:00,,18.6,12.2,23.5,9.6,13.6,999.9,0.12,25371,357,25
2010-12-24 13:00:00,,18.6,12.2,23.5,9.6,13.6,999.9,0.12,25372,357,26
2010-12-24 13:30:00,,18.6,12.2,23.5,9.6,13.6,999.9,0.12,25373,357,27
2010-12-24 14:00:00,,18.6,12.2,23.5,9.6,13.6,999.9,0.12,25374,357,28
2010-12-24 14:30:00,,18.6,12.2,23.5,9.6,13.6,999.9,0.12,25375,357,29
2010-12-24 15:00:00,,18.6,12.2,23.5,9.6,13.6,999.9,0.12,25376,357,30
2010-12-24 15:30:00,,18.6,12.2,23.5,9.6,13.6,999.9,0.12,25377,357,31
2010-12-24 16:00:00,,18.6,12.2,23.5,9.6,13.6,999.9,0.12,25378,357,32
2010-12-24 16:30:00,,18.6,12.2,23.5,9.6,13.6,999.9,0.12,25379,357,33
2010-12-24 17:00:00,,18.6,12.2,23.5,9.6,13.6,999.9,0.12,25380,357,34
2010-12-24 17:30:00,,18.6,12.2,23.5,9.6,13.6,999.9,0.12,25381,357,35
2010-12-24 18:00:00,,18.6,12.2,23.5,9.6,13.6,999.9,0.12,25382,357,36
2010-12-24 18:30:00,,18.6,12.2,23.5,9.6,13.6,999.9,0.12,25383,357,37
2010-12-24 19:00:00,,18.6,12.2,23.5,9.6,13.6,999.9,0.12,25384,357,38
2010-12-24 19:30:00,,18.6,12.2,23.5,9.6,13.6,999.9,0.12,25385,357,39
2010-12-24 20:00:00,,18.6,12.2,23.5,9.6,13.6,999.9,0.12,25386,357,40
2010-12-24 20:30:00,,18.6,12.2,23.5,9.6,13.6,999.9,0.12,25387,357,41
2010-12-24 21:00:00,,18.6,12.2,23.5,9.6,13.6,999.9,0.12,25388,357,42
2010-12-24 21:30:00,,18.6,12.2,23.5,9.6,13.6,999.9,0.12,25389,357,43
2010-12-24 22:00:00,,18.6,12.2,23.5,9.6,13.6,999.9,0.12,25390,357,44
2010-12-24 22:30:00,,18.6,12.2,23.5,9.6,13.6,999.9,0.12,25391,357,45
2010-12-24 23:00:00,,18.6,12.2,23.5,9.6,13.6,999.9,0.12,25392,357,46
2010-12-24 23:30:00,,18.6,12.2,23.5,9.6,13.6,999.9,0.12,25393,357,47
2010-12-25 00:00:00,,17.1,11.7,24.1,6.3,13.6,999.9,0.0,25394,358,48
2010-12-25 00:30:00,,17.1,11.7,24.1,6.3,13.6,999.9,0.0,25395,358,1
2010-12-25 01:00:00,,17.1,11.7,24.1,6.3,13.6,999.9,0.0,25396,358,2
2010-12-25 01:30:00,,17.1,11.7,24.1,6.3,13.6,999.9,0.0,25397,358,3
2010-12-25 02:00:00,,17.1,11.7,24.1,6.3,13.6,999.9,0.0,25398,358,4
2010-12-25 02:30:00,,17.1,11.7,24.1,6.3,13.6,999.9,0.0,25399,358,5
2010-12-25 03:00:00,,17.1,11.7,24.1,6.3,13.6,999.9,0.0,25400,358,6
2010-12-25 03:30:00,,17.1,11.7,24.1,6.3,13.6,999.9,0.0,25401,358,7
2010-12-25 04:00:00,,17.1,11.7,24.1,6.3,13.6,999.9,0.0,25402,358,8
2010-12-25 04:30:00,,17.1,11.7,24.1,6.3,13.6,999.9,0.0,25403,358,9
2010-12-25 05:00:00,,17.1,11.7,24.1,6.3,13.6,999.9,0.0,25404,358,10
2010-12-25 05:30:00,,17.1,11.7,24.1,6.3,13.6,999.9,0.0,25405,358,11
2010-12-25 06:00:00,,17.1,11.7,24.1,6.3,13.6,999.9,0.0,25406,358,12
2010-12-25 06:30:00,,17.1,11.7,24.1,6.3,13.6,999.9,0.0,25407,358,13
2010-12-25 07:00:00,,17.1,11.7,24.1,6.3,13.6,999.9,0.0,25408,358,14
2010-12-25 07:30:00,,17.1,11.7,24.1,6.3,13.6,999.9,0.0,25409,358,15
2010-12-25 08:00:00,,17.1,11.7,24.1,6.3,13.6,999.9,0.0,25410,358,16
2010-12-25 08:30:00,,17.1,11.7,24.1,6.3,13.6,999.9,0.0,25411,358,17
2010-12-25 09:00:00,,17.1,11.7,24.1,6.3,13.6,999.9,0.0,25412,358,18
2010-12-25 09:30:00,,17.1,11.7,24.1,6.3,13.6,999.9,0.0,25413,358,19
2010-12-25 10:00:00,,17.1,11.7,24.1,6.3,13.6,999.9,0.0,25414,358,20
2010-12-25 10:30:00,,17.1,11.7,24.1,6.3,13.6,999.9,0.0,25415,358,21
2010-12-25 11:00:00,,17.1,11.7,24.1,6.3,13.6,999.9,0.0,25416,358,22
2010-12-25 11:30:00,,17.1,11.7,24.1,6.3,13.6,999.9,0.0,25417,358,23
2010-12-25 12:00:00,,17.1,11.7,24.1,6.3,13.6,999.9,0.0,25418,358,24
2010-12-25 12:30:00,,17.1,11.7,24.1,6.3,13.6,999.9,0.0,25419,358,25
2010-12-25 13:00:00,,17.1,11.7,24.1,6.3,13.6,999.9,0.0,25420,358,26
2010-12-25 13:30:00,,17.1,11.7,24.1,6.3,13.6,999.9,0.0,25421,358,27
2010-12-25 14:00:00,,17.1,11.7,24.1,6.3,13.6,999.9,0.0,25422,358,28
2010-12-25 14:30:00,,17.1,11.7,24.1,6.3,13.6,999.9,0.0,25423,358,29
2010-12-25 15:00:00,,17.1,11.7,24.1,6.3,13.6,999.9,0.0,25424,358,30
2010-12-25 15:30:00,,17.1,11.7,24.1,6.3,13.6,999.9,0.0,25425,358,31
2010-12-25 16:00:00,,17.1,11.7,24.1,6.3,13.6,999.9,0.0,25426,358,32
2010-12-25 16:30:00,,17.1,11.7,24.1,6.3,13.6,999.9,0.0,25427,358,33
2010-12-25 17:00:00,,17.1,11.7,24.1,6.3,13.6,999.9,0.0,25428,358,34
2010-12-25 17:30:00,,17.1,11.7,24.1,6.3,13.6,999.9,0.0,25429,358,35
2010-12-25 18:00:00,,17.1,11.7,24.1,6.3,13.6,999.9,0.0,25430,358,36
2010-12-25 18:30:00,,17.1,11.7,24.1,6.3,13.6,999.9,0.0,25431,358,37
2010-12-25 19:00:00,,17.1,11.7,24.1,6.3,13.6,999.9,0.0,25432,358,38
2010-12-25 19:30:00,,17.1,11.7,24.1,6.3,13.6,999.9,0.0,25433,358,39
2010-12-25 20:00:00,,17.1,11.7,24.1,6.3,13.6,999.9,0.0,25434,358,40
2010-12-25 20:30:00,,17.1,11.7,24.1,6.3,13.6,999.9,0.0,25435,358,41
2010-12-25 21:00:00,,17.1,11.7,24.1,6.3,13.6,999.9,0.0,25436,358,42
2010-12-25 21:30:00,,17.1,11.7,24.1,6.3,13.6,999.9,0.0,25437,358,43
2010-12-25 22:00:00,,17.1,11.7,24.1,6.3,13.6,999.9,0.0,25438,358,44
2010-12-25 22:30:00,,17.1,11.7,24.1,6.3,13.6,999.9,0.0,25439,358,45
2010-12-25 23:00:00,,17.1,11.7,24.1,6.3,13.6,999.9,0.0,25440,358,46
2010-12-25 23:30:00,,17.1,11.7,24.1,6.3,13.6,999.9,0.0,25441,358,47
2010-12-26 00:00:00,,33.1,10.0,41.0,8.2,13.6,999.9,0.04,25442,359,48
2010-12-26 00:30:00,,33.1,10.0,41.0,8.2,13.6,999.9,0.04,25443,359,1
2010-12-26 01:00:00,,33.1,10.0,41.0,8.2,13.6,999.9,0.04,25444,359,2
2010-12-26 01:30:00,,33.1,10.0,41.0,8.2,13.6,999.9,0.04,25445,359,3
2010-12-26 02:00:00,,33.1,10.0,41.0,8.2,13.6,999.9,0.04,25446,359,4
2010-12-26 02:30:00,,33.1,10.0,41.0,8.2,13.6,999.9,0.04,25447,359,5
2010-12-26 03:00:00,,33.1,10.0,41.0,8.2,13.6,999.9,0.04,25448,359,6
2010-12-26 03:30:00,,33.1,10.0,41.0,8.2,13.6,999.9,0.04,25449,359,7
2010-12-26 04:00:00,,33.1,10.0,41.0,8.2,13.6,999.9,0.04,25450,359,8
2010-12-26 04:30:00,,33.1,10.0,41.0,8.2,13.6,999.9,0.04,25451,359,9
2010-12-26 05:00:00,,33.1,10.0,41.0,8.2,13.6,999.9,0.04,25452,359,10
2010-12-26 05:30:00,,33.1,10.0,41.0,8.2,13.6,999.9,0.04,25453,359,11
2010-12-26 06:00:00,,33.1,10.0,41.0,8.2,13.6,999.9,0.04,25454,359,12
2010-12-26 06:30:00,,33.1,10.0,41.0,8.2,13.6,999.9,0.04,25455,359,13
2010-12-26 07:00:00,,33.1,10.0,41.0,8.2,13.6,999.9,0.04,25456,359,14
2010-12-26 07:30:00,,33.1,10.0,41.0,8.2,13.6,999.9,0.04,25457,359,15
2010-12-26 08:00:00,,33.1,10.0,41.0,8.2,13.6,999.9,0.04,25458,359,16
2010-12-26 08:30:00,,33.1,10.0,41.0,8.2,13.6,999.9,0.04,25459,359,17
2010-12-26 09:00:00,,33.1,10.0,41.0,8.2,13.6,999.9,0.04,25460,359,18
2010-12-26 09:30:00,,33.1,10.0,41.0,8.2,13.6,999.9,0.04,25461,359,19
2010-12-26 10:00:00,,33.1,10.0,41.0,8.2,13.6,999.9,0.04,25462,359,20
2010-12-26 10:30:00,,33.1,10.0,41.0,8.2,13.6,999.9,0.04,25463,359,21
2010-12-26 11:00:00,,33.1,10.0,41.0,8.2,13.6,999.9,0.04,25464,359,22
2010-12-26 11:30:00,,33.1,10.0,41.0,8.2,13.6,999.9,0.04,25465,359,23
2010-12-26 12:00:00,,33.1,10.0,41.0,8.2,13.6,999.9,0.04,25466,359,24
2010-12-26 12:30:00,,33.1,10.0,41.0,8.2,13.6,999.9,0.04,25467,359,25
2010-12-26 13:00:00,,33.1,10.0,41.0,8.2,13.6,999.9,0.04,25468,359,26
2010-12-26 13:30:00,,33.1,10.0,41.0,8.2,13.6,999.9,0.04,25469,359,27
2010-12-26 14:00:00,,33.1,10.0,41.0,8.2,13.6,999.9,0.04,25470,359,28
2010-12-26 14:30:00,,33.1,10.0,41.0,8.2,13.6,999.9,0.04,25471,359,29
2010-12-26 15:00:00,,33.1,10.0,41.0,8.2,13.6,999.9,0.04,25472,359,30
2010-12-26 15:30:00,,33.1,10.0,41.0,8.2,13.6,999.9,0.04,25473,359,31
2010-12-26 16:00:00,,33.1,10.0,41.0,8.2,13.6,999.9,0.04,25474,359,32
2010-12-26 16:30:00,,33.1,10.0,41.0,8.2,13.6,999.9,0.04,25475,359,33
2010-12-26 17:00:00,,33.1,10.0,41.0,8.2,13.6,999.9,0.04,25476,359,34
2010-12-26 17:30:00,,33.1,10.0,41.0,8.2,13.6,999.9,0.04,25477,359,35
2010-12-26 18:00:00,,33.1,10.0,41.0,8.2,13.6,999.9,0.04,25478,359,36
2010-12-26 18:30:00,,33.1,10.0,41.0,8.2,13.6,999.9,0.04,25479,359,37
2010-12-26 19:00:00,,33.1,10.0,41.0,8.2,13.6,999.9,0.04,25480,359,38
2010-12-26 19:30:00,,33.1,10.0,41.0,8.2,13.6,999.9,0.04,25481,359,39
2010-12-26 20:00:00,,33.1,10.0,41.0,8.2,13.6,999.9,0.04,25482,359,40
2010-12-26 20:30:00,,33.1,10.0,41.0,8.2,13.6,999.9,0.04,25483,359,41
2010-12-26 21:00:00,,33.1,10.0,41.0,8.2,13.6,999.9,0.04,25484,359,42
2010-12-26 21:30:00,,33.1,10.0,41.0,8.2,13.6,999.9,0.04,25485,359,43
2010-12-26 22:00:00,,33.1,10.0,41.0,8.2,13.6,999.9,0.04,25486,359,44
2010-12-26 22:30:00,,33.1,10.0,41.0,8.2,13.6,999.9,0.04,25487,359,45
2010-12-26 23:00:00,,33.1,10.0,41.0,8.2,13.6,999.9,0.04,25488,359,46
2010-12-26 23:30:00,,33.1,10.0,41.0,8.2,13.6,999.9,0.04,25489,359,47
2010-12-27 00:00:00,,44.1,38.3,48.2,12.3,21.4,999.9,0.28,25490,360,48
2010-12-27 00:30:00,,44.1,38.3,48.2,12.3,21.4,999.9,0.28,25491,360,1
2010-12-27 01:00:00,,44.1,38.3,48.2,12.3,21.4,999.9,0.28,25492,360,2
2010-12-27 01:30:00,,44.1,38.3,48.2,12.3,21.4,999.9,0.28,25493,360,3
2010-12-27 02:00:00,,44.1,38.3,48.2,12.3,21.4,999.9,0.28,25494,360,4
2010-12-27 02:30:00,,44.1,38.3,48.2,12.3,21.4,999.9,0.28,25495,360,5
2010-12-27 03:00:00,,44.1,38.3,48.2,12.3,21.4,999.9,0.28,25496,360,6
2010-12-27 03:30:00,,44.1,38.3,48.2,12.3,21.4,999.9,0.28,25497,360,7
2010-12-27 04:00:00,,44.1,38.3,48.2,12.3,21.4,999.9,0.28,25498,360,8
2010-12-27 04:30:00,,44.1,38.3,48.2,12.3,21.4,999.9,0.28,25499,360,9
2010-12-27 05:00:00,,44.1,38.3,48.2,12.3,21.4,999.9,0.28,25500,360,10
2010-12-27 05:30:00,,44.1,38.3,48.2,12.3,21.4,999.9,0.28,25501,360,11
2010-12-27 06:00:00,,44.1,38.3,48.2,12.3,21.4,999.9,0.28,25502,360,12
2010-12-27 06:30:00,,44.1,38.3,48.2,12.3,21.4,999.9,0.28,25503,360,13
2010-12-27 07:00:00,,44.1,38.3,48.2,12.3,21.4,999.9,0.28,25504,360,14
2010-12-27 07:30:00,,44.1,38.3,48.2,12.3,21.4,999.9,0.28,25505,360,15
2010-12-27 08:00:00,,44.1,38.3,48.2,12.3,21.4,999.9,0.28,25506,360,16
2010-12-27 08:30:00,,44.1,38.3,48.2,12.3,21.4,999.9,0.28,25507,360,17
2010-12-27 09:00:00,,44.1,38.3,48.2,12.3,21.4,999.9,0.28,25508,360,18
2010-12-27 09:30:00,,44.1,38.3,48.2,12.3,21.4,999.9,0.28,25509,360,19
2010-12-27 10:00:00,,44.1,38.3,48.2,12.3,21.4,999.9,0.28,25510,360,20
2010-12-27 10:30:00,,44.1,38.3,48.2,12.3,21.4,999.9,0.28,25511,360,21
2010-12-27 11:00:00,,44.1,38.3,48.2,12.3,21.4,999.9,0.28,25512,360,22
2010-12-27 11:30:00,,44.1,38.3,48.2,12.3,21.4,999.9,0.28,25513,360,23
2010-12-27 12:00:00,,44.1,38.3,48.2,12.3,21.4,999.9,0.28,25514,360,24
2010-12-27 12:30:00,,44.1,38.3,48.2,12.3,21.4,999.9,0.28,25515,360,25
2010-12-27 13:00:00,,44.1,38.3,48.2,12.3,21.4,999.9,0.28,25516,360,26
2010-12-27 13:30:00,,44.1,38.3,48.2,12.3,21.4,999.9,0.28,25517,360,27
2010-12-27 14:00:00,,44.1,38.3,48.2,12.3,21.4,999.9,0.28,25518,360,28
2010-12-27 14:30:00,,44.1,38.3,48.2,12.3,21.4,999.9,0.28,25519,360,29
2010-12-27 15:00:00,,44.1,38.3,48.2,12.3,21.4,999.9,0.28,25520,360,30
2010-12-27 15:30:00,,44.1,38.3,48.2,12.3,21.4,999.9,0.28,25521,360,31
2010-12-27 16:00:00,,44.1,38.3,48.2,12.3,21.4,999.9,0.28,25522,360,32
2010-12-27 16:30:00,,44.1,38.3,48.2,12.3,21.4,999.9,0.28,25523,360,33
2010-12-27 17:00:00,,44.1,38.3,48.2,12.3,21.4,999.9,0.28,25524,360,34
2010-12-27 17:30:00,,44.1,38.3,48.2,12.3,21.4,999.9,0.28,25525,360,35
2010-12-27 18:00:00,,44.1,38.3,48.2,12.3,21.4,999.9,0.28,25526,360,36
2010-12-27 18:30:00,,44.1,38.3,48.2,12.3,21.4,999.9,0.28,25527,360,37
2010-12-27 19:00:00,,44.1,38.3,48.2,12.3,21.4,999.9,0.28,25528,360,38
2010-12-27 19:30:00,,44.1,38.3,48.2,12.3,21.4,999.9,0.28,25529,360,39
2010-12-27 20:00:00,,44.1,38.3,48.2,12.3,21.4,999.9,0.28,25530,360,40
2010-12-27 20:30:00,,44.1,38.3,48.2,12.3,21.4,999.9,0.28,25531,360,41
2010-12-27 21:00:00,,44.1,38.3,48.2,12.3,21.4,999.9,0.28,25532,360,42
2010-12-27 21:30:00,,44.1,38.3,48.2,12.3,21.4,999.9,0.28,25533,360,43
2010-12-27 22:00:00,,44.1,38.3,48.2,12.3,21.4,999.9,0.28,25534,360,44
2010-12-27 22:30:00,,44.1,38.3,48.2,12.3,21.4,999.9,0.28,25535,360,45
2010-12-27 23:00:00,,44.1,38.3,48.2,12.3,21.4,999.9,0.28,25536,360,46
2010-12-27 23:30:00,,44.1,38.3,48.2,12.3,21.4,999.9,0.28,25537,360,47
2010-12-28 00:00:00,,45.5,38.8,53.6,6.0,17.5,999.9,0.24,25538,361,48
2010-12-28 00:30:00,,45.5,38.8,53.6,6.0,17.5,999.9,0.24,25539,361,1
2010-12-28 01:00:00,,45.5,38.8,53.6,6.0,17.5,999.9,0.24,25540,361,2
2010-12-28 01:30:00,,45.5,38.8,53.6,6.0,17.5,999.9,0.24,25541,361,3
2010-12-28 02:00:00,,45.5,38.8,53.6,6.0,17.5,999.9,0.24,25542,361,4
2010-12-28 02:30:00,,45.5,38.8,53.6,6.0,17.5,999.9,0.24,25543,361,5
2010-12-28 03:00:00,,45.5,38.8,53.6,6.0,17.5,999.9,0.24,25544,361,6
2010-12-28 03:30:00,,45.5,38.8,53.6,6.0,17.5,999.9,0.24,25545,361,7
2010-12-28 04:00:00,,45.5,38.8,53.6,6.0,17.5,999.9,0.24,25546,361,8
2010-12-28 04:30:00,,45.5,38.8,53.6,6.0,17.5,999.9,0.24,25547,361,9
2010-12-28 05:00:00,,45.5,38.8,53.6,6.0,17.5,999.9,0.24,25548,361,10
2010-12-28 05:30:00,,45.5,38.8,53.6,6.0,17.5,999.9,0.24,25549,361,11
2010-12-28 06:00:00,,45.5,38.8,53.6,6.0,17.5,999.9,0.24,25550,361,12
2010-12-28 06:30:00,,45.5,38.8,53.6,6.0,17.5,999.9,0.24,25551,361,13
2010-12-28 07:00:00,,45.5,38.8,53.6,6.0,17.5,999.9,0.24,25552,361,14
2010-12-28 07:30:00,,45.5,38.8,53.6,6.0,17.5,999.9,0.24,25553,361,15
2010-12-28 08:00:00,,45.5,38.8,53.6,6.0,17.5,999.9,0.24,25554,361,16
2010-12-28 08:30:00,,45.5,38.8,53.6,6.0,17.5,999.9,0.24,25555,361,17
2010-12-28 09:00:00,,45.5,38.8,53.6,6.0,17.5,999.9,0.24,25556,361,18
2010-12-28 09:30:00,,45.5,38.8,53.6,6.0,17.5,999.9,0.24,25557,361,19
2010-12-28 10:00:00,,45.5,38.8,53.6,6.0,17.5,999.9,0.24,25558,361,20
2010-12-28 10:30:00,,45.5,38.8,53.6,6.0,17.5,999.9,0.24,25559,361,21
2010-12-28 11:00:00,,45.5,38.8,53.6,6.0,17.5,999.9,0.24,25560,361,22
2010-12-28 11:30:00,,45.5,38.8,53.6,6.0,17.5,999.9,0.24,25561,361,23
2010-12-28 12:00:00,,45.5,38.8,53.6,6.0,17.5,999.9,0.24,25562,361,24
2010-12-28 12:30:00,,45.5,38.8,53.6,6.0,17.5,999.9,0.24,25563,361,25
2010-12-28 13:00:00,,45.5,38.8,53.6,6.0,17.5,999.9,0.24,25564,361,26
2010-12-28 13:30:00,,45.5,38.8,53.6,6.0,17.5,999.9,0.24,25565,361,27
2010-12-28 14:00:00,,45.5,38.8,53.6,6.0,17.5,999.9,0.24,25566,361,28
2010-12-28 14:30:00,,45.5,38.8,53.6,6.0,17.5,999.9,0.24,25567,361,29
2010-12-28 15:00:00,,45.5,38.8,53.6,6.0,17.5,999.9,0.24,25568,361,30
2010-12-28 15:30:00,,45.5,38.8,53.6,6.0,17.5,999.9,0.24,25569,361,31
2010-12-28 16:00:00,,45.5,38.8,53.6,6.0,17.5,999.9,0.24,25570,361,32
2010-12-28 16:30:00,,45.5,38.8,53.6,6.0,17.5,999.9,0.24,25571,361,33
2010-12-28 17:00:00,,45.5,38.8,53.6,6.0,17.5,999.9,0.24,25572,361,34
2010-12-28 17:30:00,,45.5,38.8,53.6,6.0,17.5,999.9,0.24,25573,361,35
2010-12-28 18:00:00,,45.5,38.8,53.6,6.0,17.5,999.9,0.24,25574,361,36
2010-12-28 18:30:00,,45.5,38.8,53.6,6.0,17.5,999.9,0.24,25575,361,37
2010-12-28 19:00:00,,45.5,38.8,53.6,6.0,17.5,999.9,0.24,25576,361,38
2010-12-28 19:30:00,,45.5,38.8,53.6,6.0,17.5,999.9,0.24,25577,361,39
2010-12-28 20:00:00,,45.5,38.8,53.6,6.0,17.5,999.9,0.24,25578,361,40
2010-12-28 20:30:00,,45.5,38.8,53.6,6.0,17.5,999.9,0.24,25579,361,41
2010-12-28 21:00:00,,45.5,38.8,53.6,6.0,17.5,999.9,0.24,25580,361,42
2010-12-28 21:30:00,,45.5,38.8,53.6,6.0,17.5,999.9,0.24,25581,361,43
2010-12-28 22:00:00,,45.5,38.8,53.6,6.0,17.5,999.9,0.24,25582,361,44
2010-12-28 22:30:00,,45.5,38.8,53.6,6.0,17.5,999.9,0.24,25583,361,45
2010-12-28 23:00:00,,45.5,38.8,53.6,6.0,17.5,999.9,0.24,25584,361,46
2010-12-28 23:30:00,,45.5,38.8,53.6,6.0,17.5,999.9,0.24,25585,361,47
2010-12-29 00:00:00,,45.4,38.5,50.0,5.1,8.0,999.9,0.0,25586,362,48
2010-12-29 00:30:00,,45.4,38.5,50.0,5.1,8.0,999.9,0.0,25587,362,1
2010-12-29 01:00:00,,45.4,38.5,50.0,5.1,8.0,999.9,0.0,25588,362,2
2010-12-29 01:30:00,,45.4,38.5,50.0,5.1,8.0,999.9,0.0,25589,362,3
2010-12-29 02:00:00,,45.4,38.5,50.0,5.1,8.0,999.9,0.0,25590,362,4
2010-12-29 02:30:00,,45.4,38.5,50.0,5.1,8.0,999.9,0.0,25591,362,5
2010-12-29 03:00:00,,45.4,38.5,50.0,5.1,8.0,999.9,0.0,25592,362,6
2010-12-29 03:30:00,,45.4,38.5,50.0,5.1,8.0,999.9,0.0,25593,362,7
2010-12-29 04:00:00,,45.4,38.5,50.0,5.1,8.0,999.9,0.0,25594,362,8
2010-12-29 04:30:00,,45.4,38.5,50.0,5.1,8.0,999.9,0.0,25595,362,9
2010-12-29 05:00:00,,45.4,38.5,50.0,5.1,8.0,999.9,0.0,25596,362,10
2010-12-29 05:30:00,,45.4,38.5,50.0,5.1,8.0,999.9,0.0,25597,362,11
2010-12-29 06:00:00,,45.4,38.5,50.0,5.1,8.0,999.9,0.0,25598,362,12
2010-12-29 06:30:00,,45.4,38.5,50.0,5.1,8.0,999.9,0.0,25599,362,13
2010-12-29 07:00:00,,45.4,38.5,50.0,5.1,8.0,999.9,0.0,25600,362,14
2010-12-29 07:30:00,,45.4,38.5,50.0,5.1,8.0,999.9,0.0,25601,362,15
2010-12-29 08:00:00,,45.4,38.5,50.0,5.1,8.0,999.9,0.0,25602,362,16
2010-12-29 08:30:00,,45.4,38.5,50.0,5.1,8.0,999.9,0.0,25603,362,17
2010-12-29 09:00:00,,45.4,38.5,50.0,5.1,8.0,999.9,0.0,25604,362,18
2010-12-29 09:30:00,,45.4,38.5,50.0,5.1,8.0,999.9,0.0,25605,362,19
2010-12-29 10:00:00,,45.4,38.5,50.0,5.1,8.0,999.9,0.0,25606,362,20
2010-12-29 10:30:00,,45.4,38.5,50.0,5.1,8.0,999.9,0.0,25607,362,21
2010-12-29 11:00:00,,45.4,38.5,50.0,5.1,8.0,999.9,0.0,25608,362,22
2010-12-29 11:30:00,,45.4,38.5,50.0,5.1,8.0,999.9,0.0,25609,362,23
2010-12-29 12:00:00,,45.4,38.5,50.0,5.1,8.0,999.9,0.0,25610,362,24
2010-12-29 12:30:00,,45.4,38.5,50.0,5.1,8.0,999.9,0.0,25611,362,25
2010-12-29 13:00:00,,45.4,38.5,50.0,5.1,8.0,999.9,0.0,25612,362,26
2010-12-29 13:30:00,,45.4,38.5,50.0,5.1,8.0,999.9,0.0,25613,362,27
2010-12-29 14:00:00,,45.4,38.5,50.0,5.1,8.0,999.9,0.0,25614,362,28
2010-12-29 14:30:00,,45.4,38.5,50.0,5.1,8.0,999.9,0.0,25615,362,29
2010-12-29 15:00:00,,45.4,38.5,50.0,5.1,8.0,999.9,0.0,25616,362,30
2010-12-29 15:30:00,,45.4,38.5,50.0,5.1,8.0,999.9,0.0,25617,362,31
2010-12-29 16:00:00,,45.4,38.5,50.0,5.1,8.0,999.9,0.0,25618,362,32
2010-12-29 16:30:00,,45.4,38.5,50.0,5.1,8.0,999.9,0.0,25619,362,33
2010-12-29 17:00:00,,45.4,38.5,50.0,5.1,8.0,999.9,0.0,25620,362,34
2010-12-29 17:30:00,,45.4,38.5,50.0,5.1,8.0,999.9,0.0,25621,362,35
2010-12-29 18:00:00,,45.4,38.5,50.0,5.1,8.0,999.9,0.0,25622,362,36
2010-12-29 18:30:00,,45.4,38.5,50.0,5.1,8.0,999.9,0.0,25623,362,37
2010-12-29 19:00:00,,45.4,38.5,50.0,5.1,8.0,999.9,0.0,25624,362,38
2010-12-29 19:30:00,,45.4,38.5,50.0,5.1,8.0,999.9,0.0,25625,362,39
2010-12-29 20:00:00,,45.4,38.5,50.0,5.1,8.0,999.9,0.0,25626,362,40
2010-12-29 20:30:00,,45.4,38.5,50.0,5.1,8.0,999.9,0.0,25627,362,41
2010-12-29 21:00:00,,45.4,38.5,50.0,5.1,8.0,999.9,0.0,25628,362,42
2010-12-29 21:30:00,,45.4,38.5,50.0,5.1,8.0,999.9,0.0,25629,362,43
2010-12-29 22:00:00,,45.4,38.5,50.0,5.1,8.0,999.9,0.0,25630,362,44
2010-12-29 22:30:00,,45.4,38.5,50.0,5.1,8.0,999.9,0.0,25631,362,45
2010-12-29 23:00:00,,45.4,38.5,50.0,5.1,8.0,999.9,0.0,25632,362,46
2010-12-29 23:30:00,,45.4,38.5,50.0,5.1,8.0,999.9,0.0,25633,362,47
2010-12-30 00:00:00,,46.0,38.3,47.5,5.3,11.1,999.9,0.02,25634,363,48
2010-12-30 00:30:00,,46.0,38.3,47.5,5.3,11.1,999.9,0.02,25635,363,1
2010-12-30 01:00:00,,46.0,38.3,47.5,5.3,11.1,999.9,0.02,25636,363,2
2010-12-30 01:30:00,,46.0,38.3,47.5,5.3,11.1,999.9,0.02,25637,363,3
2010-12-30 02:00:00,,46.0,38.3,47.5,5.3,11.1,999.9,0.02,25638,363,4
2010-12-30 02:30:00,,46.0,38.3,47.5,5.3,11.1,999.9,0.02,25639,363,5
2010-12-30 03:00:00,,46.0,38.3,47.5,5.3,11.1,999.9,0.02,25640,363,6
2010-12-30 03:30:00,,46.0,38.3,47.5,5.3,11.1,999.9,0.02,25641,363,7
2010-12-30 04:00:00,,46.0,38.3,47.5,5.3,11.1,999.9,0.02,25642,363,8
2010-12-30 04:30:00,,46.0,38.3,47.5,5.3,11.1,999.9,0.02,25643,363,9
2010-12-30 05:00:00,,46.0,38.3,47.5,5.3,11.1,999.9,0.02,25644,363,10
2010-12-30 05:30:00,,46.0,38.3,47.5,5.3,11.1,999.9,0.02,25645,363,11
2010-12-30 06:00:00,,46.0,38.3,47.5,5.3,11.1,999.9,0.02,25646,363,12
2010-12-30 06:30:00,,46.0,38.3,47.5,5.3,11.1,999.9,0.02,25647,363,13
2010-12-30 07:00:00,,46.0,38.3,47.5,5.3,11.1,999.9,0.02,25648,363,14
2010-12-30 07:30:00,,46.0,38.3,47.5,5.3,11.1,999.9,0.02,25649,363,15
2010-12-30 08:00:00,,46.0,38.3,47.5,5.3,11.1,999.9,0.02,25650,363,16
2010-12-30 08:30:00,,46.0,38.3,47.5,5.3,11.1,999.9,0.02,25651,363,17
2010-12-30 09:00:00,,46.0,38.3,47.5,5.3,11.1,999.9,0.02,25652,363,18
2010-12-30 09:30:00,,46.0,38.3,47.5,5.3,11.1,999.9,0.02,25653,363,19
2010-12-30 10:00:00,,46.0,38.3,47.5,5.3,11.1,999.9,0.02,25654,363,20
2010-12-30 10:30:00,,46.0,38.3,47.5,5.3,11.1,999.9,0.02,25655,363,21
2010-12-30 11:00:00,,46.0,38.3,47.5,5.3,11.1,999.9,0.02,25656,363,22
2010-12-30 11:30:00,,46.0,38.3,47.5,5.3,11.1,999.9,0.02,25657,363,23
2010-12-30 12:00:00,,46.0,38.3,47.5,5.3,11.1,999.9,0.02,25658,363,24
2010-12-30 12:30:00,,46.0,38.3,47.5,5.3,11.1,999.9,0.02,25659,363,25
2010-12-30 13:00:00,,46.0,38.3,47.5,5.3,11.1,999.9,0.02,25660,363,26
2010-12-30 13:30:00,,46.0,38.3,47.5,5.3,11.1,999.9,0.02,25661,363,27
2010-12-30 14:00:00,,46.0,38.3,47.5,5.3,11.1,999.9,0.02,25662,363,28
2010-12-30 14:30:00,,46.0,38.3,47.5,5.3,11.1,999.9,0.02,25663,363,29
2010-12-30 15:00:00,,46.0,38.3,47.5,5.3,11.1,999.9,0.02,25664,363,30
2010-12-30 15:30:00,,46.0,38.3,47.5,5.3,11.1,999.9,0.02,25665,363,31
2010-12-30 16:00:00,,46.0,38.3,47.5,5.3,11.1,999.9,0.02,25666,363,32
2010-12-30 16:30:00,,46.0,38.3,47.5,5.3,11.1,999.9,0.02,25667,363,33
2010-12-30 17:00:00,,46.0,38.3,47.5,5.3,11.1,999.9,0.02,25668,363,34
2010-12-30 17:30:00,,46.0,38.3,47.5,5.3,11.1,999.9,0.02,25669,363,35
2010-12-30 18:00:00,,46.0,38.3,47.5,5.3,11.1,999.9,0.02,25670,363,36
2010-12-30 18:30:00,,46.0,38.3,47.5,5.3,11.1,999.9,0.02,25671,363,37
2010-12-30 19:00:00,,46.0,38.3,47.5,5.3,11.1,999.9,0.02,25672,363,38
2010-12-30 19:30:00,,46.0,38.3,47.5,5.3,11.1,999.9,0.02,25673,363,39
2010-12-30 20:00:00,,46.0,38.3,47.5,5.3,11.1,999.9,0.02,25674,363,40
2010-12-30 20:30:00,,46.0,38.3,47.5,5.3,11.1,999.9,0.02,25675,363,41
2010-12-30 21:00:00,,46.0,38.3,47.5,5.3,11.1,999.9,0.02,25676,363,42
2010-12-30 21:30:00,,46.0,38.3,47.5,5.3,11.1,999.9,0.02,25677,363,43
2010-12-30 22:00:00,,46.0,38.3,47.5,5.3,11.1,999.9,0.02,25678,363,44
2010-12-30 22:30:00,,46.0,38.3,47.5,5.3,11.1,999.9,0.02,25679,363,45
2010-12-30 23:00:00,,46.0,38.3,47.5,5.3,11.1,999.9,0.02,25680,363,46
2010-12-30 23:30:00,,46.0,38.3,47.5,5.3,11.1,999.9,0.02,25681,363,47
2010-12-31 00:00:00,,44.0,41.0,46.4,3.5,7.0,999.9,0.0,25682,364,48
2010-12-31 00:30:00,,44.0,41.0,46.4,3.5,7.0,999.9,0.0,25683,364,1
2010-12-31 01:00:00,,44.0,41.0,46.4,3.5,7.0,999.9,0.0,25684,364,2
2010-12-31 01:30:00,,44.0,41.0,46.4,3.5,7.0,999.9,0.0,25685,364,3
2010-12-31 02:00:00,,44.0,41.0,46.4,3.5,7.0,999.9,0.0,25686,364,4
2010-12-31 02:30:00,,44.0,41.0,46.4,3.5,7.0,999.9,0.0,25687,364,5
2010-12-31 03:00:00,,44.0,41.0,46.4,3.5,7.0,999.9,0.0,25688,364,6
2010-12-31 03:30:00,,44.0,41.0,46.4,3.5,7.0,999.9,0.0,25689,364,7
2010-12-31 04:00:00,,44.0,41.0,46.4,3.5,7.0,999.9,0.0,25690,364,8
2010-12-31 04:30:00,,44.0,41.0,46.4,3.5,7.0,999.9,0.0,25691,364,9
2010-12-31 05:00:00,,44.0,41.0,46.4,3.5,7.0,999.9,0.0,25692,364,10
2010-12-31 05:30:00,,44.0,41.0,46.4,3.5,7.0,999.9,0.0,25693,364,11
2010-12-31 06:00:00,,44.0,41.0,46.4,3.5,7.0,999.9,0.0,25694,364,12
2010-12-31 06:30:00,,44.0,41.0,46.4,3.5,7.0,999.9,0.0,25695,364,13
2010-12-31 07:00:00,,44.0,41.0,46.4,3.5,7.0,999.9,0.0,25696,364,14
2010-12-31 07:30:00,,44.0,41.0,46.4,3.5,7.0,999.9,0.0,25697,364,15
2010-12-31 08:00:00,,44.0,41.0,46.4,3.5,7.0,999.9,0.0,25698,364,16
2010-12-31 08:30:00,,44.0,41.0,46.4,3.5,7.0,999.9,0.0,25699,364,17
2010-12-31 09:00:00,,44.0,41.0,46.4,3.5,7.0,999.9,0.0,25700,364,18
2010-12-31 09:30:00,,44.0,41.0,46.4,3.5,7.0,999.9,0.0,25701,364,19
2010-12-31 10:00:00,,44.0,41.0,46.4,3.5,7.0,999.9,0.0,25702,364,20
2010-12-31 10:30:00,,44.0,41.0,46.4,3.5,7.0,999.9,0.0,25703,364,21
2010-12-31 11:00:00,,44.0,41.0,46.4,3.5,7.0,999.9,0.0,25704,364,22
2010-12-31 11:30:00,,44.0,41.0,46.4,3.5,7.0,999.9,0.0,25705,364,23
2010-12-31 12:00:00,,44.0,41.0,46.4,3.5,7.0,999.9,0.0,25706,364,24
2010-12-31 12:30:00,,44.0,41.0,46.4,3.5,7.0,999.9,0.0,25707,364,25
2010-12-31 13:00:00,,44.0,41.0,46.4,3.5,7.0,999.9,0.0,25708,364,26
2010-12-31 13:30:00,,44.0,41.0,46.4,3.5,7.0,999.9,0.0,25709,364,27
2010-12-31 14:00:00,,44.0,41.0,46.4,3.5,7.0,999.9,0.0,25710,364,28
2010-12-31 14:30:00,,44.0,41.0,46.4,3.5,7.0,999.9,0.0,25711,364,29
2010-12-31 15:00:00,,44.0,41.0,46.4,3.5,7.0,999.9,0.0,25712,364,30
2010-12-31 15:30:00,,44.0,41.0,46.4,3.5,7.0,999.9,0.0,25713,364,31
2010-12-31 16:00:00,,44.0,41.0,46.4,3.5,7.0,999.9,0.0,25714,364,32
2010-12-31 16:30:00,,44.0,41.0,46.4,3.5,7.0,999.9,0.0,25715,364,33
2010-12-31 17:00:00,,44.0,41.0,46.4,3.5,7.0,999.9,0.0,25716,364,34
2010-12-31 17:30:00,,44.0,41.0,46.4,3.5,7.0,999.9,0.0,25717,364,35
2010-12-31 18:00:00,,44.0,41.0,46.4,3.5,7.0,999.9,0.0,25718,364,36
2010-12-31 18:30:00,,44.0,41.0,46.4,3.5,7.0,999.9,0.0,25719,364,37
2010-12-31 19:00:00,,44.0,41.0,46.4,3.5,7.0,999.9,0.0,25720,364,38
2010-12-31 19:30:00,,44.0,41.0,46.4,3.5,7.0,999.9,0.0,25721,364,39
2010-12-31 20:00:00,,44.0,41.0,46.4,3.5,7.0,999.9,0.0,25722,364,40
2010-12-31 20:30:00,,44.0,41.0,46.4,3.5,7.0,999.9,0.0,25723,364,41
2010-12-31 21:00:00,,44.0,41.0,46.4,3.5,7.0,999.9,0.0,25724,364,42
2010-12-31 21:30:00,,44.0,41.0,46.4,3.5,7.0,999.9,0.0,25725,364,43
2010-12-31 22:00:00,,44.0,41.0,46.4,3.5,7.0,999.9,0.0,25726,364,44
2010-12-31 22:30:00,,44.0,41.0,46.4,3.5,7.0,999.9,0.0,25727,364,45
2010-12-31 23:00:00,,44.0,41.0,46.4,3.5,7.0,999.9,0.0,25728,364,46
2010-12-31 23:30:00,,44.0,41.0,46.4,3.5,7.0,999.9,0.0,25729,364,47
